year,leaid,lea_name,state_name,state_leaid,city_location,urban_centric_locale,agency_type,enrollment,english_language_learners,est_population_total,est_population_5_17_poverty,est_population_5_17_poverty_pct,rev_total,rev_fed_total,rev_state_total,rev_local_total,rev_local_prop_tax,exp_total,exp_current_elsec_total,exp_current_instruction_total,exp_current_supp_serve_total,exp_current_pupils,exp_current_instruc_staff,exp_current_general_admin,exp_current_sch_admin,exp_current_operation_plant,exp_current_student_transport,exp_current_bco,exp_current_supp_serv_nonspec,exp_current_other,exp_current_food_serv,exp_current_enterprise,exp_current_other_elsec,exp_nonelsec,exp_nonelsec_community_serv,exp_nonelsec_adult_education,exp_nonelsec_other,exp_textbooks,exp_utilities_energy,exp_tech_supplies_services,exp_tech_equipment,outlay_capital_total,outlay_capital_construction,outlay_capital_land_structures,outlay_capital_instruc_equip,outlay_capital_other_equip,outlay_capital_nonspec_equip,salaries_total,salaries_instruction,benefits_employee_total,cohort_num,grad_rate_high,grad_rate_low,grad_rate_midpt
2015,2300004,Bridgewater Public Schools,Maine,1022,Easton,"Rural, distant",Regular local school district,72,Missing/not reported,582,16,0.177778,495000,15000,224000,256000,Not applicable,592000,48000,2000,46000,19000,0,14000,0,0,0,13000,0,0,0,0,0,0,0,0,0,0,0,0,0,0,0,0,0,0,0,1000,0,0,,,,
2015,2300005,Grand Isle Public Schools,Maine,1067,Grand Isle,"Rural, remote",Regular local school district,30,Missing/not reported,446,12,0.214286,300000,1000,165000,134000,Not applicable,296000,69000,27000,42000,22000,0,20000,0,0,0,0,0,0,0,0,0,5000,0,5000,0,0,0,0,13000,17000,0,0,0,17000,0,2000,0,0,,,,
2015,2300008,Fayette Public Schools,Maine,1058,Fayette,"Rural, distant",Regular local school district,148,Missing/not reported,1120,21,0.139073,1803000,82000,127000,1594000,Not applicable,1713000,1017000,461000,509000,48000,31000,99000,79000,143000,109000,0,0,47000,47000,0,0,0,0,0,0,4000,23000,12000,15000,17000,0,0,0,17000,0,555000,310000,222000,,,,
2015,2300009,Long Island Public Schools,Maine,1135,Long Island,"Rural, fringe",Regular local school district,26,Missing/not reported,237,3,0.088235,501000,13000,34000,454000,Not applicable,461000,382000,271000,107000,2000,0,23000,20000,42000,20000,0,0,4000,4000,0,0,0,0,0,0,0,13000,2000,0,1000,0,0,0,1000,0,225000,183000,81000,,,,
2015,2300049,ME Sch of Science & Mathematics,Maine,1295,Limestone,"Rural, distant",State-operated agency,150,Missing/not reported,,,,5897000,20000,3554000,2323000,Not applicable,5301000,5251000,1748000,3503000,978000,118000,705000,194000,946000,88000,474000,0,0,0,0,0,0,0,0,0,23000,0,0,0,45000,0,0,3000,42000,0,2286000,1171000,655000,44,100,90,95
2015,2300050,Arthur R. Gould Sch--LCYDC,Maine,1296,South Portland,"City, small",State-operated agency,38,Missing/not reported,,,,Not applicable,Not applicable,Not applicable,Not applicable,Not applicable,Not applicable,Not applicable,Not applicable,Not applicable,Not applicable,Not applicable,Not applicable,Not applicable,Not applicable,Not applicable,Not applicable,Not applicable,Not applicable,Not applicable,Not applicable,Not applicable,Not applicable,Not applicable,Not applicable,Not applicable,Not applicable,Not applicable,Not applicable,Not applicable,Not applicable,Not applicable,Not applicable,Not applicable,Not applicable,Not applicable,Not applicable,Not applicable,Not applicable,,,,
2015,2300051,ME Educational Ctr for the Deaf & Hard of Hearing,Maine,1297,Falmouth,"Rural, fringe",State-operated agency,,,,,,7725000,240000,7156000,329000,Not applicable,7322000,5556000,2326000,3230000,395000,26000,825000,200000,738000,407000,639000,0,0,0,0,0,1617000,1617000,0,0,1000,0,0,0,82000,0,0,0,82000,0,1979000,958000,1353000,,,,
2015,2300052,The Forks Plt School Dept,Maine,1161,Anson,"Rural, remote",Regular local school district,3,Missing/not reported,36,1,0.5,106000,0,1000,105000,Not applicable,67000,40000,0,40000,0,0,3000,0,0,37000,0,0,0,0,0,0,0,0,0,0,0,0,0,0,0,0,0,0,0,0,15000,0,3000,,,,
2015,2300053,Five Town CSD,Maine,1294,Camden,"Rural, fringe",Regular local school district,656,13,13250,100,0.147059,13715000,307000,2166000,11242000,10583000,11589000,10425000,6468000,3571000,735000,501000,388000,486000,1128000,203000,130000,0,386000,386000,0,0,381000,0,381000,0,31000,229000,248000,20000,96000,0,0,12000,84000,0,6215000,4350000,2520000,160,100,95,97
2015,2300056,Mountain View Youth Dev Ctr,Maine,1298,Charleston,"Rural, distant",State-operated agency,,,,,,Not applicable,Not applicable,Not applicable,Not applicable,Not applicable,Not applicable,Not applicable,Not applicable,Not applicable,Not applicable,Not applicable,Not applicable,Not applicable,Not applicable,Not applicable,Not applicable,Not applicable,Not applicable,Not applicable,Not applicable,Not applicable,Not applicable,Not applicable,Not applicable,Not applicable,Not applicable,Not applicable,Not applicable,Not applicable,Not applicable,Not applicable,Not applicable,Not applicable,Not applicable,Not applicable,Not applicable,Not applicable,Not applicable,,,,
2015,2300057,Seboeis Plt Public Schools,Maine,3109,Lee,"Rural, remote",Regular local school district,,,35,0,0,Missing/not reported,Missing/not reported,Missing/not reported,Missing/not reported,Not applicable,Missing/not reported,Missing/not reported,Missing/not reported,Missing/not reported,Missing/not reported,Missing/not reported,Missing/not reported,Missing/not reported,Missing/not reported,Missing/not reported,Missing/not reported,Missing/not reported,Missing/not reported,Missing/not reported,Missing/not reported,Missing/not reported,Missing/not reported,Missing/not reported,Missing/not reported,Missing/not reported,Missing/not reported,Missing/not reported,Missing/not reported,Missing/not reported,Missing/not reported,Missing/not reported,Missing/not reported,Missing/not reported,Missing/not reported,Missing/not reported,Missing/not reported,Missing/not reported,Missing/not reported,,,,
2015,2300058,West Forks Plt Public Schools,Maine,3106,West Forks,"Rural, remote",Regular local school district,,,59,0,0,30000,0,1000,29000,Not applicable,1000,1000,0,1000,0,0,1000,0,0,0,0,0,0,0,0,0,0,0,0,0,0,0,0,0,0,0,0,0,0,0,0,0,0,,,,
2015,2300059,Lake View Plt. Public Schools,Maine,3104,Brownville,"Rural, remote",Regular local school district,,,86,1,0.166667,Missing/not reported,Missing/not reported,Missing/not reported,Missing/not reported,Not applicable,Missing/not reported,Missing/not reported,Missing/not reported,Missing/not reported,Missing/not reported,Missing/not reported,Missing/not reported,Missing/not reported,Missing/not reported,Missing/not reported,Missing/not reported,Missing/not reported,Missing/not reported,Missing/not reported,Missing/not reported,Missing/not reported,Missing/not reported,Missing/not reported,Missing/not reported,Missing/not reported,Missing/not reported,Missing/not reported,Missing/not reported,Missing/not reported,Missing/not reported,Missing/not reported,Missing/not reported,Missing/not reported,Missing/not reported,Missing/not reported,Missing/not reported,Missing/not reported,Missing/not reported,,,,
2015,2300061,Caratunk Public Schools,Maine,3131,Caratunk,"Rural, remote",Regular local school district,2,Missing/not reported,68,1,0.333333,44000,0,0,44000,Not applicable,52000,22000,0,22000,0,0,0,0,0,22000,0,0,0,0,0,0,0,0,0,0,0,0,0,0,0,0,0,0,0,0,0,0,0,,,,
2015,2300062,East Machias Public Schools,Maine,3129,Machias,"Rural, remote",Regular local school district,206,3,1314,57,0.279412,2698000,220000,1362000,1116000,Not applicable,2748000,1865000,1161000,564000,104000,1000,48000,119000,192000,100000,0,0,140000,140000,0,0,0,0,0,0,2000,42000,7000,0,30000,0,0,3000,27000,0,1086000,768000,451000,,,,
2015,2300063,Lowell Public Schools,Maine,3130,Lee,"Rural, remote",Regular local school district,46,Missing/not reported,355,9,0.236842,476000,9000,23000,444000,Not applicable,458000,8000,0,8000,3000,0,5000,0,0,0,0,0,0,0,0,0,0,0,0,0,0,0,0,0,0,0,0,0,0,0,0,0,0,,,,
2015,2300064,Indian Township,Maine,1271,Calais,"Town, remote",Regular local school district,190,60,,,,5320000,3401000,1868000,51000,0,5057000,3766000,2053000,1504000,85000,327000,109000,189000,452000,342000,0,0,209000,209000,0,0,480000,455000,25000,0,0,101000,17000,0,102000,0,0,19000,83000,0,2040000,1326000,789000,,,,
2015,2300065,Cutler Public Schools,Maine,3136,Machias,"Rural, remote",Regular local school district,104,Missing/not reported,488,18,0.24,1118000,90000,210000,818000,Not applicable,1011000,770000,511000,209000,22000,0,20000,43000,79000,45000,0,0,50000,50000,0,0,1000,0,1000,0,6000,30000,14000,0,1000,0,0,0,1000,0,413000,308000,166000,,,,
2015,2300066,Indian Island,Maine,1270,Calais,"Town, remote",Regular local school district,149,Missing/not reported,,,,4568000,3221000,1332000,15000,0,3999000,3465000,2192000,1086000,99000,273000,61000,149000,504000,0,0,0,187000,187000,0,0,0,0,0,0,24000,82000,4000,0,45000,0,0,15000,30000,0,1800000,1332000,790000,,,,
2015,2300067,Machiasport Public Schools,Maine,3137,Machias,"Rural, remote",Regular local school district,125,Missing/not reported,1077,31,0.221429,1382000,120000,156000,1106000,Not applicable,1276000,768000,481000,236000,26000,0,19000,39000,105000,47000,0,0,51000,51000,0,0,2000,0,2000,0,7000,30000,3000,0,8000,0,0,5000,3000,0,392000,288000,159000,,,,
2015,2300068,Whiting Public Schools,Maine,3138,Machias,"Rural, remote",Regular local school district,68,Missing/not reported,469,12,0.151899,234000,95000,58000,81000,Not applicable,703000,488000,317000,140000,12000,0,14000,27000,45000,42000,0,0,31000,31000,0,0,1000,0,1000,0,2000,0,0,0,6000,0,0,3000,3000,0,261000,197000,118000,,,,
2015,2300069,Pleasant Point,Maine,1272,Calais,"Town, remote",Regular local school district,169,97,,,,5932000,3340000,1652000,940000,0,6241000,4616000,2224000,2098000,45000,273000,97000,214000,1286000,183000,0,0,294000,294000,0,0,1118000,1092000,26000,0,0,96000,44000,0,5000,0,0,0,5000,0,1926000,1302000,948000,,,,
2015,2302220,Acton Public Schools,Maine,1000,Acton,"Rural, distant",Regular local school district,322,Missing/not reported,2497,34,0.08971,861000,211000,606000,44000,Not applicable,5238000,4070000,2282000,1664000,230000,218000,169000,179000,406000,359000,103000,0,124000,124000,0,0,0,0,0,0,29000,91000,18000,14000,69000,0,0,34000,35000,0,2164000,1551000,970000,,,,
2015,2302280,Alexander Public Schools,Maine,1001,Eastport,"Rural, distant",Regular local school district,52,Missing/not reported,484,11,0.192982,1000000,68000,288000,644000,Not applicable,860000,638000,350000,259000,13000,17000,23000,41000,67000,77000,21000,0,29000,29000,0,0,4000,4000,0,0,3000,17000,4000,6000,7000,0,0,6000,1000,0,272000,205000,155000,,,,
2015,2302500,Airline CSD,Maine,1284,Holden,"Rural, distant",Regular local school district,56,Missing/not reported,506,8,0.123077,888000,30000,178000,680000,664000,708000,558000,328000,193000,9000,4000,21000,22000,55000,82000,0,0,37000,37000,0,0,0,0,0,0,0,18000,2000,0,0,0,0,0,0,0,330000,230000,101000,,,,
2015,2302510,Appleton Public Schools,Maine,1004,Hope,"Rural, distant",Regular local school district,135,Missing/not reported,1320,31,0.205298,2287000,102000,795000,1390000,Not applicable,2082000,1973000,1175000,741000,96000,112000,34000,158000,216000,112000,13000,0,57000,57000,0,0,0,0,0,0,3000,28000,16000,8000,33000,25000,0,0,8000,0,1071000,767000,443000,,,,
2015,2302610,Auburn Public Schools,Maine,1007,Auburn,"City, small",Regular local school district,3540,182,22952,643,0.178264,46430000,4479000,24195000,17756000,Not applicable,43096000,39486000,25002000,13173000,2310000,3008000,1640000,1433000,3308000,1083000,391000,0,1311000,1311000,0,0,734000,382000,352000,0,108000,1129000,67000,463000,683000,0,0,31000,652000,0,22831000,16854000,9364000,269,73,73,73
2015,2302640,Augusta Public Schools,Maine,1008,Augusta,"Town, distant",Regular local school district,2187,86,18790,534,0.231069,31983000,3026000,14566000,14391000,Not applicable,29908000,27929000,15984000,10836000,1986000,978000,956000,1804000,2903000,1756000,453000,0,1109000,1109000,0,0,659000,2000,657000,0,50000,553000,217000,2000,260000,0,0,176000,84000,0,15965000,10899000,6488000,177,89,85,87
2015,2302730,Baileyville Public Schools,Maine,1009,Baileyville,"Rural, distant",Regular local school district,237,Missing/not reported,1464,42,0.188341,5004000,311000,760000,3933000,Not applicable,4221000,4119000,2426000,1474000,248000,133000,64000,288000,614000,85000,42000,0,219000,219000,0,0,9000,9000,0,0,17000,97000,18000,0,12000,0,0,12000,0,0,2296000,1557000,1023000,33,100,90,95
2015,2302790,Bancroft Public Schools,Maine,1010,Danforth,"Rural, remote",Regular local school district,,,,,,Not applicable,Not applicable,Not applicable,Not applicable,Not applicable,Not applicable,Not applicable,Not applicable,Not applicable,Not applicable,Not applicable,Not applicable,Not applicable,Not applicable,Not applicable,Not applicable,Not applicable,Not applicable,Not applicable,Not applicable,Not applicable,Not applicable,Not applicable,Not applicable,Not applicable,Not applicable,Not applicable,Not applicable,Not applicable,Not applicable,Not applicable,Not applicable,Not applicable,Not applicable,Not applicable,Not applicable,Not applicable,Not applicable,,,,
2015,2302820,Bangor Public Schools,Maine,1011,Bangor,"City, small",Regular local school district,3655,49,32775,963,0.25269,50991000,4032000,20478000,26481000,Not applicable,49738000,47518000,28589000,17474000,3753000,2378000,1117000,2501000,5100000,2057000,568000,0,1455000,1455000,0,0,616000,0,524000,92000,501000,1118000,620000,0,116000,0,0,80000,36000,0,27278000,19292000,11053000,282,87,87,87
2015,2302850,Bar Harbor Public Schools,Maine,1012,Bar Harbor,"Town, remote",Regular local school district,366,4,5258,31,0.0671,6219000,285000,611000,5323000,Not applicable,5993000,5983000,3693000,2088000,426000,396000,124000,368000,547000,227000,0,0,202000,202000,0,0,0,0,0,0,15000,142000,27000,1000,10000,0,0,5000,5000,0,3431000,2458000,1466000,,,,
2015,2302880,Baring Plt Public Schools,Maine,1192,Eastport,"Rural, remote",Regular local school district,26,Missing/not reported,242,8,0.195122,298000,16000,168000,114000,Not applicable,286000,72000,0,72000,0,0,8000,0,0,55000,9000,0,0,0,0,0,0,0,0,0,0,0,0,0,0,0,0,0,0,0,0,0,0,,,,
2015,2302950,Beals Public Schools,Maine,1014,Jonesport,"Rural, remote",Regular local school district,46,Missing/not reported,489,5,0.172414,861000,93000,126000,642000,Not applicable,820000,801000,547000,211000,13000,7000,40000,54000,86000,11000,0,0,43000,43000,0,0,0,0,0,0,0,30000,9000,3000,4000,0,0,0,4000,0,481000,377000,180000,,,,
2015,2302960,Beaver Cove Public Schools,Maine,1195,Greenville,"Rural, remote",Regular local school district,4,Missing/not reported,118,2,0.2,47000,0,3000,44000,Not applicable,74000,10000,0,10000,2000,0,6000,0,0,0,2000,0,0,0,0,0,0,0,0,0,0,0,0,0,0,0,0,0,0,0,3000,0,1000,,,,
2015,2302980,Beddington Public Schools,Maine,1015,Harrington,"Rural, remote",Regular local school district,3,Missing/not reported,48,1,0.333333,63000,0,0,63000,Not applicable,39000,25000,0,25000,0,0,2000,0,0,23000,0,0,0,0,0,0,0,0,0,0,0,0,0,0,0,0,0,0,0,0,0,0,0,,,,
2015,2303150,Biddeford Public Schools,Maine,1016,Biddeford,"Suburb, midsize",Regular local school district,2422,102,21712,415,0.153989,39410000,2746000,12902000,23762000,Not applicable,35749000,32757000,19789000,11710000,2631000,914000,1301000,1874000,3158000,1369000,463000,0,1258000,1258000,0,0,617000,5000,609000,3000,74000,794000,343000,106000,216000,0,0,170000,46000,0,20492000,13779000,7360000,199,89,85,87
2015,2303210,Blue Hill Public Schools,Maine,1017,Blue Hill,"Rural, distant",Regular local school district,375,3,2698,40,0.111111,5822000,420000,372000,5030000,Not applicable,5524000,3950000,2283000,1523000,186000,185000,172000,223000,421000,297000,39000,0,144000,144000,0,0,0,0,0,0,37000,74000,20000,2000,51000,0,0,34000,17000,0,2119000,1470000,854000,,,,
2015,2303290,Boothbay-Boothbay Hbr CSD,Maine,1281,Boothbay Harbor,"Rural, distant",Regular local school district,501,9,5210,118,0.204861,10204000,455000,902000,8847000,8002000,9529000,9387000,5861000,3237000,496000,526000,154000,538000,1146000,377000,0,0,289000,289000,0,0,57000,0,57000,0,14000,202000,63000,38000,42000,0,0,22000,20000,0,5527000,3895000,2282000,57,89,80,84
2015,2303390,Bowerbank Public Schools,Maine,1018,Parkman,"Rural, remote",Regular local school district,6,Missing/not reported,112,1,0.142857,59000,0,1000,58000,Not applicable,73000,53000,30000,23000,0,0,7000,0,0,16000,0,0,0,0,0,0,0,0,0,0,0,0,0,0,0,0,0,0,0,0,9000,0,1000,,,,
2015,2303480,Bremen Public Schools,Maine,1020,Damariscotta,"Rural, remote",Regular local school district,27,Missing/not reported,795,4,0.102564,395000,7000,12000,376000,Not applicable,398000,41000,0,41000,9000,1000,7000,0,0,22000,2000,0,0,0,0,0,0,0,0,0,0,0,0,0,0,0,0,0,0,0,0,0,0,,,,
2015,2303510,Brewer Public Schools,Maine,1021,Brewer,"Suburb, small",Regular local school district,1330,3,9406,152,0.114717,22481000,934000,11304000,10243000,Not applicable,20405000,18931000,12628000,5734000,1213000,623000,453000,1033000,1695000,530000,187000,0,569000,569000,0,0,8000,8000,0,0,38000,491000,26000,85000,146000,0,0,15000,131000,0,11147000,8304000,4633000,175,89,85,87
2015,2303600,Bristol Public Schools,Maine,1023,Damariscotta,"Rural, remote",Regular local school district,270,Missing/not reported,2716,34,0.109677,4616000,141000,300000,4175000,Not applicable,4327000,3112000,1682000,1327000,279000,120000,44000,175000,324000,347000,38000,0,103000,103000,0,0,0,0,0,0,7000,61000,8000,37000,44000,0,0,0,44000,0,1571000,1106000,627000,,,,
2015,2303610,Brooklin Public Schools,Maine,1024,Deer Isle,"Rural, remote",Regular local school district,78,3,828,10,0.088496,1780000,36000,125000,1619000,Not applicable,1808000,1401000,737000,609000,75000,53000,45000,104000,161000,153000,18000,0,55000,55000,0,0,0,0,0,0,5000,24000,15000,0,0,0,0,0,0,0,710000,481000,277000,,,,
2015,2303640,Brooksville Public Schools,Maine,1025,Blue Hill,"Rural, distant",Regular local school district,86,Missing/not reported,938,13,0.125,1863000,54000,114000,1695000,Not applicable,1673000,1347000,790000,499000,41000,14000,42000,108000,180000,94000,20000,0,58000,58000,0,0,0,0,0,0,9000,31000,12000,0,18000,0,0,7000,11000,0,725000,508000,331000,,,,
2015,2303780,Brunswick Public Schools,Maine,1026,Brunswick,"Town, fringe",Regular local school district,2310,26,20876,269,0.098175,41537000,1559000,12685000,27293000,Not applicable,36562000,34402000,20718000,12669000,2634000,1732000,1107000,1557000,3727000,1566000,346000,0,1015000,1015000,0,0,0,0,0,0,116000,584000,108000,300000,433000,0,0,34000,399000,0,21883000,14470000,8634000,191,89,85,87
2015,2303870,Calais Public Schools,Maine,1028,Calais,"Town, remote",Regular local school district,410,3,3006,113,0.26969,9991000,1446000,5031000,3514000,Not applicable,9395000,8948000,5883000,2827000,444000,130000,440000,481000,848000,369000,115000,0,238000,238000,0,0,0,0,0,0,13000,172000,51000,25000,120000,0,0,83000,37000,0,4381000,3214000,2151000,56,79,70,74
2015,2303930,Cape Elizabeth Public Schools,Maine,1029,Cape Elizabeth,"Suburb, midsize",Regular local school district,1613,20,9281,83,0.047106,26168000,611000,5069000,20488000,Not applicable,24783000,23936000,14518000,8764000,1841000,1222000,718000,1223000,2614000,781000,365000,0,654000,654000,0,0,0,0,0,0,70000,400000,85000,283000,392000,0,0,92000,300000,0,15204000,10414000,5732000,146,100,95,97
2015,2303980,Carrabassett Valley Public Schools,Maine,1194,Carrabassett Valley,"Rural, remote",Regular local school district,39,Missing/not reported,758,21,0.21,954000,14000,30000,910000,Not applicable,684000,121000,0,121000,0,0,85000,0,0,36000,0,0,0,0,0,0,0,0,0,0,0,0,4000,0,0,0,0,0,0,0,37000,0,13000,,,,
2015,2303990,Carroll Plt Public Schools,Maine,1031,Lee,"Rural, remote",Regular local school district,11,Missing/not reported,152,7,0.304348,179000,3000,8000,168000,Not applicable,117000,17000,0,17000,10000,0,4000,0,0,0,3000,0,0,0,0,0,0,0,0,0,0,0,0,0,0,0,0,0,0,0,0,0,0,,,,
2015,2304080,Castine Public Schools,Maine,1032,Blue Hill,"Rural, distant",Regular local school district,81,Missing/not reported,1372,7,0.08642,1554000,29000,100000,1425000,Not applicable,1504000,1146000,787000,331000,39000,19000,31000,91000,89000,45000,17000,0,28000,28000,0,0,0,0,0,0,10000,15000,18000,3000,23000,0,0,1000,22000,0,699000,540000,271000,,,,
2015,2304110,Caswell Public Schools,Maine,1033,Caswell,"Rural, remote",Regular local school district,45,Missing/not reported,292,12,0.272727,700000,92000,331000,277000,Not applicable,703000,563000,302000,219000,5000,22000,34000,32000,95000,31000,0,0,42000,42000,0,0,0,0,0,0,4000,28000,3000,2000,25000,0,0,0,25000,0,280000,202000,78000,,,,
2015,2304160,Charlotte Public Schools,Maine,1035,Eastport,"Rural, remote",Regular local school district,51,Missing/not reported,320,11,0.207547,807000,110000,310000,387000,Not applicable,805000,669000,420000,211000,21000,2000,19000,53000,49000,53000,14000,0,38000,38000,0,0,0,0,0,0,1000,19000,4000,3000,4000,0,0,4000,0,0,335000,261000,171000,,,,
2015,2304440,Cooper Public Schools,Maine,1038,Baileyville,"Rural, distant",Regular local school district,17,Missing/not reported,148,4,0.235294,173000,6000,5000,162000,Not applicable,195000,44000,3000,41000,0,0,2000,0,0,36000,3000,0,0,0,0,0,0,0,0,0,0,0,0,0,0,0,0,0,0,0,21000,0,3000,,,,
2015,2304500,Coplin Plt Public Schools,Maine,1039,Freeport,"Rural, fringe",Regular local school district,12,Missing/not reported,162,2,0.105263,202000,0,3000,199000,Not applicable,203000,9000,0,9000,0,0,9000,0,0,0,0,0,0,0,0,0,0,0,0,0,0,0,0,0,0,0,0,0,0,0,5000,0,2000,,,,
2015,2304620,Cranberry Isles Public Schools,Maine,1040,Bar Harbor,"Rural, distant",Regular local school district,21,Missing/not reported,142,3,0.157895,632000,25000,37000,570000,Not applicable,839000,753000,275000,478000,24000,13000,17000,34000,373000,17000,0,0,0,0,0,0,0,0,0,0,2000,4000,3000,2000,5000,0,0,2000,3000,0,208000,173000,75000,,,,
2015,2304650,Crawford Public Schools,Maine,1041,Eastport,"Rural, remote",Regular local school district,6,Missing/not reported,97,3,0.230769,130000,0,7000,123000,Not applicable,111000,63000,0,63000,0,0,5000,0,0,56000,2000,0,0,0,0,0,0,0,0,0,0,0,0,0,0,0,0,0,0,0,25000,0,24000,,,,
2015,2304830,Damariscotta Public Schools,Maine,1043,Damariscotta,"Rural, remote",Regular local school district,101,Missing/not reported,2187,7,0.066667,1858000,18000,177000,1663000,Not applicable,445000,185000,0,185000,12000,2000,28000,0,0,129000,14000,0,0,0,0,0,0,0,0,0,0,0,0,0,0,0,0,0,0,0,0,0,0,,,,
2015,2304860,Dayton Public Schools,Maine,1044,Dayton,"Rural, distant",Regular local school district,354,3,2001,18,0.047368,4862000,151000,1972000,2739000,Not applicable,4650000,2311000,1274000,977000,194000,39000,91000,155000,214000,228000,56000,0,60000,60000,0,0,0,0,0,0,5000,0,0,0,5000,0,0,5000,0,0,1181000,787000,483000,,,,
2015,2304880,Deblois Public Schools,Maine,1045,Harrington,"Rural, remote",Regular local school district,9,Missing/not reported,55,2,0.285714,163000,0,6000,157000,Not applicable,95000,28000,0,28000,0,0,2000,0,0,26000,0,0,0,0,0,0,0,0,0,0,0,0,0,0,0,0,0,0,0,0,0,0,0,,,,
2015,2304890,Dedham Public Schools,Maine,1046,Dedham,"Rural, distant",Regular local school district,234,Missing/not reported,1688,34,0.151786,2992000,148000,528000,2316000,Not applicable,2934000,2040000,1350000,623000,91000,87000,64000,101000,153000,124000,3000,0,67000,67000,0,0,22000,22000,0,0,1000,38000,10000,1000,5000,0,0,1000,4000,0,1198000,914000,504000,,,,
2015,2304895,Deer Isle-Stonington CSD,Maine,1289,Deer Isle,"Rural, remote",Regular local school district,307,3,3031,31,0.088068,6824000,342000,865000,5617000,5414000,6750000,6527000,3633000,2701000,573000,224000,307000,436000,690000,384000,87000,0,193000,193000,0,0,29000,0,29000,0,15000,144000,108000,0,1000,0,0,0,1000,0,3834000,2504000,1403000,35,89,80,84
2015,2304897,Dennistown Plt Public Schools,Maine,1047,Searsport,"Rural, distant",Regular local school district,7,Missing/not reported,32,1,0.333333,Missing/not reported,Missing/not reported,Missing/not reported,Missing/not reported,Not applicable,Missing/not reported,Missing/not reported,Missing/not reported,Missing/not reported,Missing/not reported,Missing/not reported,Missing/not reported,Missing/not reported,Missing/not reported,Missing/not reported,Missing/not reported,Missing/not reported,Missing/not reported,Missing/not reported,Missing/not reported,Missing/not reported,Missing/not reported,Missing/not reported,Missing/not reported,Missing/not reported,Missing/not reported,Missing/not reported,Missing/not reported,Missing/not reported,Missing/not reported,Missing/not reported,Missing/not reported,Missing/not reported,Missing/not reported,Missing/not reported,Missing/not reported,Missing/not reported,Missing/not reported,,,,
2015,2304900,Dennysville Public Schools,Maine,1048,Eastport,"Rural, remote",Regular local school district,35,Missing/not reported,329,11,0.203704,377000,3000,221000,153000,Not applicable,266000,63000,0,63000,16000,0,14000,0,0,20000,13000,0,0,0,0,0,0,0,0,0,0,0,0,0,0,0,0,0,0,0,0,0,0,,,,
2015,2305160,Drew Plt Public Schools,Maine,1050,Lee,"Rural, remote",Regular local school district,5,Missing/not reported,46,1,0.125,42000,1000,0,41000,Not applicable,63000,6000,0,6000,3000,0,2000,0,0,0,1000,0,0,0,0,0,0,0,0,0,0,0,0,0,0,0,0,0,0,0,0,0,0,,,,
2015,2305280,East Millinocket Public Schools,Maine,1052,East Millinocket,"Rural, distant",Regular local school district,202,Missing/not reported,1709,69,0.264368,4337000,251000,1667000,2419000,Not applicable,3972000,3087000,1802000,1175000,156000,109000,222000,237000,350000,0,101000,0,110000,110000,0,0,0,0,0,0,1000,81000,18000,38000,40000,0,0,8000,32000,0,1801000,1199000,869000,26,79,60,69
2015,2305300,Brunswick-Region 10,Maine,1279,Brunswick,"Town, fringe",Regional education service agency,,,,,,2391000,68000,127000,2196000,0,2481000,2323000,1361000,962000,0,63000,2000,397000,441000,59000,0,0,0,0,0,0,102000,0,102000,0,10000,65000,23000,15000,56000,0,0,36000,20000,0,1237000,841000,462000,,,,
2015,2305310,Easton Public Schools,Maine,1053,Easton,"Rural, distant",Regular local school district,176,3,1229,27,0.140625,4136000,192000,302000,3642000,Not applicable,3911000,3844000,2063000,1576000,245000,179000,146000,330000,442000,182000,52000,0,205000,205000,0,0,0,0,0,0,12000,109000,21000,47000,66000,0,0,8000,58000,0,2293000,1362000,876000,11,100,50,75
2015,2305360,Eastport Public Schools,Maine,1054,Eastport,"Rural, remote",Regular local school district,122,3,1281,35,0.257353,2738000,184000,427000,2127000,Not applicable,2580000,2525000,1581000,843000,107000,6000,33000,250000,296000,114000,37000,0,101000,101000,0,0,2000,0,2000,0,9000,115000,15000,0,28000,0,0,27000,1000,0,1443000,1068000,549000,34,100,90,95
2015,2305380,East Range CSD,Maine,1288,Baileyville,"Rural, remote",Regular local school district,22,Missing/not reported,251,18,0.428571,819000,113000,206000,500000,181000,742000,562000,377000,156000,0,7000,9000,20000,47000,68000,5000,0,29000,29000,0,0,0,0,0,0,2000,16000,2000,0,3000,0,0,2000,1000,0,361000,298000,92000,,,,
2015,2305400,Edgecomb Public Schools,Maine,1055,Boothbay Harbor,"Rural, distant",Regular local school district,145,3,1231,41,0.2,2654000,97000,362000,2195000,Not applicable,2438000,1504000,971000,510000,98000,14000,40000,119000,172000,67000,0,0,23000,23000,0,0,0,0,0,0,5000,54000,4000,10000,31000,15000,0,2000,14000,0,883000,693000,342000,,,,
2015,2305500,Ellsworth Public Schools,Maine,1056,Ellsworth,"Town, distant",Regular local school district,1104,20,7775,142,0.121993,21557000,1293000,6279000,13985000,0,19438000,17648000,10010000,7061000,1167000,1275000,560000,967000,2122000,751000,219000,0,577000,577000,0,0,311000,0,311000,0,77000,0,0,0,238000,0,0,97000,141000,0,10228000,6533000,4449000,116,89,85,87
2015,2305670,Falmouth Public Schools,Maine,1057,Falmouth,"Rural, fringe",Regular local school district,2099,28,11515,63,0.028025,37070000,599000,11059000,25412000,Not applicable,33411000,31129000,19629000,10676000,2486000,1716000,1165000,1452000,2554000,1303000,0,0,824000,824000,0,0,0,0,0,0,79000,518000,120000,405000,591000,0,0,38000,553000,0,20392000,14165000,7422000,173,100,95,97
2015,2305970,Georgetown Public Schools,Maine,1061,Boothbay Harbor,"Rural, distant",Regular local school district,122,3,1038,25,0.192308,2305000,72000,179000,2054000,Not applicable,2216000,1736000,950000,720000,120000,99000,37000,173000,153000,138000,0,0,66000,66000,0,0,0,0,0,0,4000,43000,5000,9000,24000,0,0,9000,15000,0,950000,640000,371000,,,,
2015,2305980,Gilead Public Schools,Maine,1062,Bethel,"Rural, remote",Regular local school district,30,Missing/not reported,207,4,0.181818,303000,7000,39000,257000,Not applicable,304000,2000,0,2000,0,0,2000,0,0,0,0,0,0,0,0,0,0,0,0,0,0,0,0,0,0,0,0,0,0,0,0,0,0,,,,
2015,2306000,Glenburn Public Schools,Maine,1063,Glenburn,"Rural, fringe",Regular local school district,655,3,4561,81,0.112188,8410000,306000,4490000,3614000,Not applicable,8440000,5958000,3733000,2076000,388000,193000,427000,245000,509000,314000,0,0,149000,149000,0,0,0,0,0,0,48000,101000,28000,0,65000,0,0,16000,49000,0,3563000,2579000,1378000,,,,
2015,2306030,Glenwood Plt Public Schools,Maine,1064,Houlton,"Town, remote",Regular local school district,1,Missing/not reported,3,0,,15000,0,5000,10000,Not applicable,10000,8000,0,8000,0,0,2000,0,0,6000,0,0,0,0,0,0,0,0,0,0,0,0,0,0,0,0,0,0,0,0,0,0,0,,,,
2015,2306060,Gorham Public Schools,Maine,1065,Gorham,"Suburb, midsize",Regular local school district,2627,51,16863,172,0.062094,39928000,1116000,20885000,17927000,Not applicable,35896000,34028000,20972000,12122000,2825000,1644000,1129000,1993000,2732000,1455000,344000,0,934000,934000,0,0,284000,34000,250000,0,70000,596000,544000,3000,49000,0,0,11000,38000,0,20511000,14066000,8738000,198,94,90,92
2015,2306150,Grand Lake Stream Plt School Dept,Maine,1068,Baileyville,"Rural, distant",Regular local school district,10,Missing/not reported,105,1,0.142857,130000,3000,3000,124000,Not applicable,110000,31000,0,31000,0,0,3000,0,0,26000,2000,0,0,0,0,0,0,0,0,0,0,0,0,0,0,0,0,0,0,0,18000,0,1000,,,,
2015,2306160,Great Salt Bay CSD,Maine,1290,Damariscotta,"Rural, remote",Regular local school district,398,Missing/not reported,4708,49,0.126289,6172000,287000,614000,5271000,4944000,5942000,5716000,3753000,1770000,435000,195000,79000,335000,380000,291000,55000,0,193000,193000,0,0,0,0,0,0,9000,86000,18000,22000,81000,0,0,0,81000,0,3314000,2461000,1467000,,,,
2015,2306180,Greenbush Public Schools,Maine,1069,Greenbush,"Rural, distant",Regular local school district,211,Missing/not reported,1479,43,0.181435,2872000,190000,1799000,883000,Not applicable,2854000,1779000,1160000,543000,35000,48000,107000,134000,167000,24000,28000,0,76000,76000,0,0,0,0,0,0,5000,56000,6000,22000,27000,0,0,5000,22000,0,1021000,726000,402000,,,,
2015,2306250,Greenville Public Schools,Maine,1070,Greenville,"Rural, remote",Regular local school district,169,Missing/not reported,1589,53,0.301136,4402000,220000,347000,3835000,Not applicable,3705000,3495000,2113000,1244000,137000,271000,169000,182000,364000,35000,86000,0,138000,138000,0,0,25000,0,25000,0,8000,82000,71000,17000,31000,0,0,7000,24000,0,1990000,1366000,899000,14,100,50,75
2015,2306260,Hancock Public Schools,Maine,1071,Ellsworth,"Rural, distant",Regular local school district,289,Missing/not reported,2404,55,0.170279,4236000,215000,473000,3548000,Not applicable,4159000,2990000,1649000,1214000,226000,120000,172000,151000,181000,318000,46000,0,127000,127000,0,0,0,0,0,0,16000,0,0,0,1000,0,0,0,1000,0,1657000,1156000,660000,,,,
2015,2306330,Harmony Public Schools,Maine,1073,Dexter,"Rural, remote",Regular local school district,130,Missing/not reported,919,35,0.265152,1756000,145000,947000,664000,Not applicable,1454000,1078000,652000,381000,41000,15000,24000,105000,114000,74000,8000,0,45000,45000,0,0,0,0,0,0,3000,27000,4000,0,0,0,0,0,0,0,627000,421000,230000,,,,
2015,2306510,Hermon Public Schools,Maine,1074,Hermon,"Rural, fringe",Regular local school district,978,Missing/not reported,5369,67,0.074362,13413000,606000,6066000,6741000,Not applicable,13272000,12331000,7287000,4671000,759000,839000,461000,728000,1373000,422000,89000,0,373000,373000,0,0,0,0,0,0,62000,306000,142000,21000,159000,0,0,33000,126000,0,7581000,4945000,2969000,131,94,90,92
2015,2306600,Highland Plt Public Schools,Maine,1076,Phillips,"Rural, remote",Regular local school district,7,Missing/not reported,71,2,0.153846,94000,4000,8000,82000,Not applicable,85000,16000,7000,9000,3000,0,6000,0,0,0,0,0,0,0,0,0,0,0,0,0,0,0,0,0,0,0,0,0,0,0,0,0,0,,,,
2015,2306610,Hope Public Schools,Maine,1077,Hope,"Rural, distant",Regular local school district,160,Missing/not reported,1541,42,0.235955,2433000,118000,764000,1551000,Not applicable,2321000,2302000,1607000,634000,16000,113000,49000,168000,172000,98000,18000,0,61000,61000,0,0,0,0,0,0,11000,44000,18000,7000,8000,0,0,0,8000,0,1280000,1014000,518000,,,,
2015,2306780,Isle Au Haut Public Schools,Maine,1078,Deer Isle,"Rural, remote",Regular local school district,4,Missing/not reported,73,1,0.111111,102000,6000,21000,75000,Not applicable,253000,212000,141000,71000,17000,0,15000,1000,17000,19000,2000,0,0,0,0,0,0,0,0,0,1000,4000,2000,0,0,0,0,0,0,0,113000,95000,37000,,,,
2015,2306810,Islesboro Public Schools,Maine,1079,Islesboro,"Rural, distant",Regular local school district,76,Missing/not reported,571,6,0.086957,2537000,60000,183000,2294000,Not applicable,2430000,2162000,1353000,717000,65000,52000,124000,164000,202000,90000,20000,0,92000,92000,0,0,3000,0,3000,0,9000,53000,9000,24000,52000,0,0,26000,26000,0,1260000,839000,442000,9,100,50,75
2015,2306870,Jefferson Public Schools,Maine,1081,Damariscotta,"Rural, remote",Regular local school district,281,Missing/not reported,2393,55,0.167173,5907000,136000,1831000,3940000,Not applicable,4834000,2876000,1546000,1221000,171000,122000,129000,175000,265000,316000,43000,0,109000,109000,0,0,0,0,0,0,2000,63000,10000,9000,100000,0,0,0,100000,0,1481000,1007000,667000,,,,
2015,2306900,Jonesboro Public Schools,Maine,1082,Machias,"Rural, remote",Regular local school district,85,Missing/not reported,561,36,0.433735,1180000,96000,326000,758000,Not applicable,972000,659000,436000,176000,21000,15000,19000,21000,70000,30000,0,0,47000,47000,0,0,0,0,0,0,5000,23000,2000,3000,4000,0,0,4000,0,0,357000,284000,141000,,,,
2015,2307100,Jonesport Public Schools,Maine,1083,Jonesport,"Rural, remote",Regular local school district,131,Missing/not reported,1319,21,0.175,1636000,263000,192000,1181000,Not applicable,1494000,1467000,903000,456000,49000,23000,67000,124000,186000,7000,0,0,108000,108000,0,0,0,0,0,0,2000,61000,14000,3000,5000,0,0,0,5000,0,846000,617000,332000,,,,
2015,2307110,Kingsbury Plt Public Schools,Maine,1084,Sangerville,"Rural, remote",Regular local school district,,,27,0,,1000,0,0,1000,Not applicable,0,0,0,0,0,0,0,0,0,0,0,0,0,0,0,0,0,0,0,0,0,0,0,0,0,0,0,0,0,0,0,0,0,,,,
2015,2307140,Kittery Public Schools,Maine,1085,Kittery,"Suburb, small",Regular local school district,1062,16,9684,85,0.080645,17553000,1003000,1779000,14771000,Not applicable,16522000,15751000,9304000,5906000,1120000,948000,544000,1023000,1423000,605000,243000,0,541000,541000,0,0,161000,0,161000,0,49000,278000,148000,44000,214000,0,0,44000,170000,0,9362000,6359000,4040000,67,89,85,87
2015,2307180,Rockland-Region 8,Maine,1277,Rockland,"Town, remote",Regional education service agency,,,,,,3601000,114000,240000,3247000,0,3502000,3045000,1967000,1078000,146000,233000,17000,256000,403000,23000,0,0,0,0,0,0,303000,0,303000,0,7000,121000,14000,34000,154000,0,0,126000,28000,0,1872000,1324000,686000,,,,
2015,2307200,Lakeville Public Schools,Maine,1086,Lee,"Rural, remote",Regular local school district,3,Missing/not reported,104,2,0.222222,54000,1000,3000,50000,Not applicable,36000,3000,0,3000,0,0,2000,0,0,0,1000,0,0,0,0,0,0,0,0,0,0,0,0,0,0,0,0,0,0,0,0,0,0,,,,
2015,2307250,Lamoine Public Schools,Maine,1087,Ellsworth,"Rural, distant",Regular local school district,159,3,1608,29,0.137441,2560000,124000,205000,2231000,Not applicable,2321000,1814000,1022000,721000,70000,79000,126000,147000,133000,131000,35000,0,71000,71000,0,0,0,0,0,0,8000,0,0,0,7000,0,0,0,7000,0,1058000,741000,379000,,,,
2015,2307320,Lewiston Public Schools,Maine,1088,Lewiston,"City, small",Regular local school district,5520,1244,36432,1416,0.265367,79532000,9367000,50264000,19901000,Not applicable,69652000,63539000,39437000,20765000,4365000,2828000,1777000,3260000,4382000,3408000,745000,0,3337000,3337000,0,0,1162000,15000,1147000,0,153000,924000,221000,386000,439000,0,0,30000,409000,0,36918000,27644000,15035000,332,69,69,69
2015,2307440,Lincoln Plt Public Schools,Maine,1090,Lincoln Plantation,"Rural, remote",Regular local school district,,,45,1,0.5,Missing/not reported,Missing/not reported,Missing/not reported,Missing/not reported,Not applicable,Missing/not reported,Missing/not reported,Missing/not reported,Missing/not reported,Missing/not reported,Missing/not reported,Missing/not reported,Missing/not reported,Missing/not reported,Missing/not reported,Missing/not reported,Missing/not reported,Missing/not reported,Missing/not reported,Missing/not reported,Missing/not reported,Missing/not reported,Missing/not reported,Missing/not reported,Missing/not reported,Missing/not reported,Missing/not reported,Missing/not reported,Missing/not reported,Missing/not reported,Missing/not reported,Missing/not reported,Missing/not reported,Missing/not reported,Missing/not reported,Missing/not reported,Missing/not reported,Missing/not reported,,,,
2015,2307450,Lincolnville Public Schools,Maine,1091,Hope,"Rural, distant",Regular local school district,196,Missing/not reported,2185,29,0.145729,3406000,130000,635000,2641000,Not applicable,3042000,2920000,1927000,938000,127000,212000,44000,179000,233000,125000,18000,0,55000,55000,0,0,0,0,0,0,3000,48000,17000,21000,21000,0,0,0,21000,0,1795000,1333000,664000,,,,
2015,2307530,Lisbon Public Schools,Maine,1092,Lisbon,"Rural, fringe",Regular local school district,1263,3,8971,203,0.138946,2093000,327000,1593000,173000,Not applicable,17317000,13630000,7797000,5143000,934000,777000,442000,824000,1242000,685000,239000,0,690000,690000,0,0,150000,0,150000,0,23000,256000,119000,0,2945000,2850000,0,51000,44000,0,8128000,5285000,3469000,70,94,90,92
2015,2307590,Frenchboro Public Schools,Maine,1094,Bar Harbor,"Rural, remote",Regular local school district,4,Missing/not reported,61,2,0.142857,158000,9000,17000,132000,Not applicable,155000,121000,82000,39000,2000,6000,8000,14000,9000,0,0,0,0,0,0,0,0,0,0,0,0,2000,1000,0,0,0,0,0,0,0,67000,53000,18000,,,,
2015,2307710,Machias Public Schools,Maine,1095,Machias,"Rural, remote",Regular local school district,275,Missing/not reported,2138,78,0.333333,5868000,644000,2149000,3075000,Not applicable,5501000,5326000,3555000,1486000,356000,61000,73000,350000,484000,162000,0,0,285000,285000,0,0,110000,0,110000,0,37000,129000,103000,0,54000,0,0,11000,43000,0,2982000,2263000,1140000,22,79,60,69
2015,2307770,Macwahoc Plt School Dept,Maine,1096,Lee,"Rural, remote",Regular local school district,10,Missing/not reported,75,1,0.142857,148000,2000,34000,112000,Not applicable,113000,27000,20000,7000,1000,0,4000,0,0,0,2000,0,0,0,0,0,0,0,0,0,0,0,0,0,0,0,0,0,0,0,0,0,0,,,,
2015,2307800,Madawaska Public Schools,Maine,1097,Madawaska,"Rural, remote",Regular local school district,423,36,3853,67,0.140167,7020000,483000,3185000,3352000,Not applicable,6879000,6379000,3656000,2489000,512000,262000,425000,308000,562000,420000,0,0,234000,234000,0,0,138000,0,138000,0,6000,202000,97000,73000,142000,0,0,105000,37000,0,3998000,2612000,1437000,37,89,80,84
2015,2307980,Marshfield Public Schools,Maine,1102,Machias,"Rural, remote",Regular local school district,78,Missing/not reported,501,28,0.325581,788000,15000,257000,516000,Not applicable,720000,328000,276000,52000,15000,0,15000,0,0,22000,0,0,0,0,0,0,0,0,0,0,0,0,0,0,1000,0,0,0,1000,0,45000,31000,17000,,,,
2015,2308135,Meddybemps Public Schools,Maine,1104,Baileyville,"Rural, distant",Regular local school district,8,Missing/not reported,151,4,0.235294,111000,1000,1000,109000,Not applicable,71000,4000,1000,3000,0,0,2000,0,0,0,1000,0,0,0,0,0,0,0,0,0,0,0,0,0,0,0,0,0,0,0,0,0,0,,,,
2015,2308140,Medford Public Schools,Maine,1193,Medford,"Rural, distant",Regular local school district,34,Missing/not reported,250,10,0.37037,391000,0,158000,233000,Not applicable,300000,18000,0,18000,0,0,1000,0,0,17000,0,0,0,0,0,0,0,0,0,0,0,0,0,0,0,0,0,0,0,0,0,0,0,,,,
2015,2308160,Medway Public Schools,Maine,1105,Medway,"Rural, distant",Regular local school district,169,Missing/not reported,1338,24,0.123077,2966000,201000,1225000,1540000,Not applicable,2926000,1896000,1049000,771000,50000,39000,93000,133000,217000,169000,70000,0,76000,76000,0,0,0,0,0,0,8000,59000,9000,18000,37000,0,0,17000,20000,0,1101000,709000,437000,,,,
2015,2308250,Milford Public Schools,Maine,1106,Milford,"Suburb, small",Regular local school district,421,Missing/not reported,3046,70,0.172414,5435000,236000,3067000,2132000,Not applicable,5570000,4006000,2476000,1389000,231000,72000,246000,252000,317000,210000,61000,0,141000,141000,0,0,0,0,0,0,7000,124000,3000,31000,36000,0,0,28000,8000,0,2391000,1731000,967000,,,,
2015,2308280,Millinocket Public Schools,Maine,1107,Millinocket,"Rural, fringe",Regular local school district,492,10,4468,105,0.205882,7964000,657000,3290000,4017000,Not applicable,7257000,6785000,3097000,3287000,375000,427000,249000,342000,890000,305000,699000,0,401000,258000,143000,0,0,0,0,0,7000,291000,45000,87000,110000,0,0,20000,90000,0,3328000,2097000,1300000,40,79,70,74
2015,2308340,Monhegan Plt School Dept,Maine,1109,Lincolnville,"Rural, remote",Regular local school district,7,Missing/not reported,68,1,0.166667,Missing/not reported,Missing/not reported,Missing/not reported,Missing/not reported,Not applicable,Missing/not reported,Missing/not reported,Missing/not reported,Missing/not reported,Missing/not reported,Missing/not reported,Missing/not reported,Missing/not reported,Missing/not reported,Missing/not reported,Missing/not reported,Missing/not reported,Missing/not reported,Missing/not reported,Missing/not reported,Missing/not reported,Missing/not reported,Missing/not reported,Missing/not reported,Missing/not reported,Missing/not reported,Missing/not reported,Missing/not reported,Missing/not reported,Missing/not reported,Missing/not reported,Missing/not reported,Missing/not reported,Missing/not reported,Missing/not reported,Missing/not reported,Missing/not reported,Missing/not reported,,,,
2015,2308400,Moosabec CSD,Maine,1292,Jonesport,"Rural, remote",Regular local school district,63,Missing/not reported,1808,24,0.292683,1448000,55000,355000,1038000,832000,1416000,1324000,644000,629000,30000,39000,101000,127000,151000,80000,101000,0,51000,51000,0,0,3000,0,3000,0,8000,50000,29000,1000,38000,0,0,1000,37000,0,783000,459000,242000,19,79,60,69
2015,2308490,Mount Desert Public Schools,Maine,1112,Bar Harbor,"Rural, distant",Regular local school district,184,3,2062,11,0.06962,4114000,97000,388000,3629000,Not applicable,3796000,3593000,2178000,1264000,283000,184000,71000,269000,369000,88000,0,0,151000,151000,0,0,0,0,0,0,6000,95000,13000,21000,106000,0,0,3000,103000,0,1999000,1390000,925000,,,,
2015,2308500,Mt Desert CSD,Maine,1283,Bar Harbor,"Rural, distant",Regular local school district,399,Missing/not reported,10662,32,0.072235,10898000,283000,833000,9782000,7941000,9639000,8811000,5597000,2917000,576000,461000,214000,578000,919000,169000,0,0,297000,297000,0,0,107000,0,107000,0,16000,204000,30000,187000,340000,0,0,14000,326000,0,5051000,3559000,2227000,129,89,85,87
2015,2308580,Nashville Plt Public Schools,Maine,1114,Ashland,"Rural, remote",Regular local school district,5,Missing/not reported,44,1,0.166667,55000,0,1000,54000,Not applicable,64000,6000,0,6000,0,0,6000,0,0,0,0,0,0,0,0,0,0,0,0,0,0,0,0,0,0,0,0,0,0,0,5000,0,0,,,,
2015,2308700,New Sweden Public Schools,Maine,1116,Woodland,"Rural, distant",Regular local school district,74,Missing/not reported,575,21,0.276316,1070000,62000,450000,558000,Not applicable,895000,713000,362000,301000,55000,6000,50000,54000,100000,36000,0,0,50000,50000,0,0,0,0,0,0,1000,25000,4000,5000,42000,0,0,0,42000,0,436000,266000,128000,,,,
2015,2308760,Newcastle Public Schools,Maine,1115,Damariscotta,"Rural, remote",Regular local school district,75,Missing/not reported,1727,4,0.050633,1204000,9000,36000,1159000,Not applicable,1005000,156000,2000,154000,9000,2000,30000,0,0,102000,11000,0,0,0,0,0,0,0,0,0,0,0,0,0,0,0,0,0,0,0,0,0,0,,,,
2015,2308940,Nobleboro Public Schools,Maine,1117,Damariscotta,"Rural, remote",Regular local school district,202,3,1620,38,0.175926,3105000,110000,334000,2661000,Not applicable,3225000,2237000,1245000,906000,133000,105000,81000,171000,174000,214000,28000,0,86000,86000,0,0,0,0,0,0,3000,41000,13000,22000,24000,0,0,0,24000,0,1114000,788000,446000,,,,
2015,2309090,Northfield Public Schools,Maine,1118,Machias,"Rural, remote",Regular local school district,22,Missing/not reported,142,3,0.1875,246000,4000,7000,235000,Not applicable,245000,67000,27000,40000,4000,0,4000,0,0,32000,0,0,0,0,0,0,1000,0,1000,0,0,0,0,0,0,0,0,0,0,0,34000,15000,13000,,,,
2015,2309100,Lincoln-Region 3,Maine,1276,Lincoln,"Rural, remote",Regional education service agency,,,,,,2422000,41000,91000,2290000,0,2118000,1666000,964000,702000,101000,101000,29000,209000,247000,15000,0,0,0,0,0,0,419000,0,419000,0,10000,78000,33000,0,33000,0,0,33000,0,0,854000,585000,341000,,,,
2015,2309110,Rumford-Region 9,Maine,1278,Mexico,"Rural, fringe",Regional education service agency,,,,,,2801000,68000,188000,2545000,0,2454000,1741000,1072000,669000,217000,14000,18000,226000,194000,0,0,0,0,0,0,0,336000,0,336000,0,11000,53000,19000,0,302000,44000,44000,116000,98000,0,961000,652000,398000,,,,
2015,2309240,Orient Public Schools,Maine,1121,Orient,"Rural, remote",Regular local school district,19,Missing/not reported,140,3,0.166667,216000,0,7000,209000,Not applicable,220000,86000,43000,43000,0,0,10000,0,0,33000,0,0,0,0,0,0,0,0,0,0,0,0,0,0,0,0,0,0,0,0,19000,0,8000,,,,
2015,2309330,Orrington Public Schools,Maine,1124,Orrington,"Rural, fringe",Regular local school district,570,Missing/not reported,3703,72,0.12,6624000,299000,2983000,3342000,Not applicable,6295000,4353000,2648000,1604000,225000,144000,184000,274000,443000,334000,0,0,101000,101000,0,0,0,0,0,0,8000,143000,21000,0,6000,0,0,2000,4000,0,2288000,1714000,1069000,,,,
2015,2309390,Otis Public Schools,Maine,1125,Otis,"Rural, distant",Regular local school district,83,Missing/not reported,675,9,0.109756,1499000,108000,121000,1270000,Not applicable,1525000,1312000,728000,516000,43000,53000,65000,143000,144000,49000,19000,0,68000,68000,0,0,0,0,0,0,9000,57000,9000,0,5000,0,0,1000,4000,0,674000,485000,281000,,,,
2015,2309560,Pembroke Public Schools,Maine,1127,Eastport,"Rural, remote",Regular local school district,127,Missing/not reported,809,21,0.179487,1701000,173000,504000,1024000,Not applicable,1741000,1225000,715000,442000,23000,2000,41000,72000,131000,134000,39000,0,68000,68000,0,0,0,0,0,0,4000,38000,3000,0,0,0,0,0,0,0,626000,453000,285000,,,,
2015,2309630,Penobscot Public Schools,Maine,1128,Blue Hill,"Rural, distant",Regular local school district,104,Missing/not reported,1269,20,0.15625,1912000,79000,84000,1749000,Not applicable,1671000,1151000,655000,445000,38000,16000,38000,93000,123000,117000,20000,0,51000,51000,0,0,0,0,0,0,4000,26000,13000,6000,9000,0,0,0,9000,0,610000,408000,278000,,,,
2015,2309650,Perry Public Schools,Maine,1129,Eastport,"Rural, remote",Regular local school district,142,3,856,26,0.181818,1889000,199000,456000,1234000,Not applicable,1739000,1274000,841000,350000,40000,2000,40000,57000,92000,79000,40000,0,83000,83000,0,0,0,0,0,0,5000,27000,3000,0,6000,0,0,0,6000,0,678000,536000,302000,,,,
2015,2309810,Pleasant Ridge Plt School Dept,Maine,1132,Pleasant Ridge Plantation,"Rural, remote",Regular local school district,6,Missing/not reported,91,2,0.153846,Missing/not reported,Missing/not reported,Missing/not reported,Missing/not reported,Not applicable,Missing/not reported,Missing/not reported,Missing/not reported,Missing/not reported,Missing/not reported,Missing/not reported,Missing/not reported,Missing/not reported,Missing/not reported,Missing/not reported,Missing/not reported,Missing/not reported,Missing/not reported,Missing/not reported,Missing/not reported,Missing/not reported,Missing/not reported,Missing/not reported,Missing/not reported,Missing/not reported,Missing/not reported,Missing/not reported,Missing/not reported,Missing/not reported,Missing/not reported,Missing/not reported,Missing/not reported,Missing/not reported,Missing/not reported,Missing/not reported,Missing/not reported,Missing/not reported,Missing/not reported,,,,
2015,2309930,Portland Public Schools,Maine,1134,Portland,"City, small",Regular local school district,6838,1581,68143,1462,0.19921,115925000,8898000,24820000,82207000,Not applicable,111244000,105525000,62280000,40107000,8198000,5935000,3925000,5994000,10312000,3141000,2602000,0,3138000,3138000,0,0,2861000,348000,2513000,0,221000,1978000,624000,1058000,1694000,172000,0,631000,891000,0,65896000,44475000,23997000,551,83,83,83
2015,2309990,Princeton Public Schools,Maine,1136,Princeton,"Rural, remote",Regular local school district,106,Missing/not reported,801,31,0.279279,2069000,190000,564000,1315000,Not applicable,1665000,1360000,899000,358000,5000,1000,23000,90000,162000,58000,19000,0,103000,103000,0,0,0,0,0,0,0,50000,4000,0,4000,0,0,4000,0,0,775000,581000,299000,,,,
2015,2310140,Reed Plt Public Schools,Maine,1141,Lee,"Rural, remote",Regular local school district,14,Missing/not reported,154,3,0.214286,186000,7000,69000,110000,Not applicable,178000,59000,51000,8000,1000,0,4000,0,0,0,3000,0,0,0,0,0,0,0,0,0,0,0,0,0,0,0,0,0,0,0,0,0,0,,,,
2015,2310190,Robbinston Public Schools,Maine,1143,Calais,"Rural, distant",Regular local school district,68,Missing/not reported,552,27,0.28125,791000,8000,303000,480000,Not applicable,728000,219000,78000,141000,30000,0,38000,9000,16000,36000,12000,0,0,0,0,0,0,0,0,0,0,8000,7000,0,0,0,0,0,0,0,75000,54000,35000,,,,
2015,2310320,Roque Bluffs Public Schools,Maine,1145,Machias,"Rural, remote",Regular local school district,31,Missing/not reported,292,5,0.135135,406000,8000,38000,360000,Not applicable,395000,128000,80000,48000,8000,0,7000,0,0,33000,0,0,0,0,0,0,0,0,0,0,0,0,0,0,0,0,0,0,0,0,50000,31000,24000,,,,
2015,2310380,Saco Public Schools,Maine,1146,Saco,"Suburb, midsize",Regular local school district,2750,37,18878,271,0.092491,38248000,1758000,13969000,22521000,Not applicable,37177000,24581000,15294000,8627000,1932000,1145000,979000,1078000,1894000,1276000,323000,0,660000,660000,0,0,115000,0,115000,0,37000,0,0,0,315000,207000,0,7000,101000,0,15413000,10630000,6105000,,,,
2015,2310500,Sanford Public Schools,Maine,1148,Sanford,"Town, distant",Regular local school district,3122,38,21221,675,0.214763,43727000,3312000,23848000,16567000,Not applicable,48474000,41005000,23785000,15703000,3776000,2009000,1048000,2439000,3870000,2034000,527000,0,1517000,1517000,0,0,931000,18000,897000,16000,65000,700000,245000,60000,6110000,5492000,0,233000,385000,0,23206000,15796000,10092000,273,89,85,87
2015,2310530,Scarborough Public Schools,Maine,1149,Scarborough,"Suburb, midsize",Regular local school district,2997,35,19477,199,0.058702,47906000,1070000,7751000,39085000,Not applicable,47277000,41550000,26927000,13176000,2451000,2525000,1115000,1755000,3585000,1467000,278000,0,1447000,1447000,0,0,179000,0,179000,0,85000,881000,153000,169000,2641000,1399000,0,48000,1194000,0,26885000,19328000,9595000,259,98,98,98
2015,2310560,MSAD 10,Maine,1204,Fort Kent,"Rural, remote",Regular local school district,13,Missing/not reported,228,2,0.1,227000,4000,8000,215000,215000,147000,11000,6000,5000,0,0,5000,0,0,0,0,0,0,0,0,0,1000,1000,0,0,0,0,1000,0,0,0,0,0,0,0,1000,0,0,,,,
2015,2310590,RSU 11/MSAD 11,Maine,1205,Gardiner,"Town, distant",Regular local school district,2081,Missing/not reported,13468,297,0.144666,26252000,1919000,13962000,10371000,9324000,24807000,24068000,14067000,8996000,1218000,1355000,883000,1406000,2295000,1645000,194000,0,1005000,1005000,0,0,352000,4000,348000,0,25000,495000,310000,57000,121000,0,0,15000,106000,0,14481000,9692000,5832000,164,84,80,82
2015,2310620,RSU 82/MSAD 12,Maine,1206,Jackman,"Rural, remote",Regular local school district,152,3,1057,30,0.205479,2433000,258000,765000,1410000,1200000,2483000,2432000,1384000,947000,188000,98000,135000,148000,217000,96000,65000,0,101000,101000,0,0,9000,0,9000,0,0,59000,20000,39000,42000,0,0,6000,36000,0,1449000,953000,461000,11,100,50,75
2015,2310650,RSU 83/MSAD 13,Maine,1207,Bingham,"Rural, remote",Regular local school district,164,Missing/not reported,1403,48,0.263736,3871000,278000,1145000,2448000,1972000,3530000,3464000,1889000,1446000,223000,177000,237000,208000,418000,132000,51000,0,129000,129000,0,0,18000,18000,0,0,2000,126000,19000,10000,35000,0,0,17000,18000,0,2053000,1314000,730000,13,100,50,75
2015,2310680,RSU 84/MSAD 14,Maine,1208,Danforth,"Rural, remote",Regular local school district,111,Missing/not reported,785,33,0.320388,3172000,566000,733000,1873000,1379000,2983000,2856000,1519000,1219000,363000,104000,77000,149000,238000,95000,193000,0,118000,118000,0,0,19000,19000,0,0,16000,76000,7000,0,58000,0,0,7000,51000,0,1482000,973000,495000,11,100,50,75
2015,2310710,RSU 15/MSAD 15,Maine,1209,Gray,"Rural, fringe",Regular local school district,2004,14,13695,249,0.121286,27263000,1542000,11043000,14678000,14081000,25383000,24481000,13582000,10016000,2279000,1421000,933000,1305000,2269000,1553000,256000,0,883000,883000,0,0,132000,0,132000,0,154000,458000,561000,22000,99000,0,0,65000,34000,0,15194000,9530000,5396000,137,84,80,82
2015,2310770,RSU 17/MSAD 17,Maine,1211,South Paris,"Town, distant",Regular local school district,3405,12,23446,673,0.191574,45167000,3653000,20541000,20973000,19671000,43237000,37785000,21601000,14441000,2383000,1378000,1141000,3038000,3767000,2300000,434000,0,1743000,1743000,0,0,933000,547000,386000,0,82000,1047000,133000,149000,503000,0,0,437000,66000,0,22773000,14514000,9530000,287,82,82,82
2015,2310830,RSU 85/MSAD 19,Maine,1213,Eastport,"Rural, remote",Regular local school district,130,Missing/not reported,1308,48,0.350365,2406000,254000,294000,1858000,1731000,2167000,1549000,958000,521000,20000,2000,35000,123000,188000,114000,39000,0,70000,70000,0,0,29000,0,29000,0,4000,80000,0,0,9000,0,0,3000,6000,0,826000,607000,380000,,,,
2015,2310860,RSU 79/MSAD 01,Maine,1196,Presque Isle,"Rural, fringe",Regular local school district,1775,5,12492,340,0.20202,24187000,1727000,13235000,9225000,8452000,23720000,23228000,12744000,9509000,1666000,1071000,507000,1260000,2838000,1799000,368000,0,975000,975000,0,0,289000,0,289000,0,44000,531000,240000,0,15000,0,0,0,15000,0,12993000,7894000,6307000,142,84,80,82
2015,2310890,RSU 86/MSAD 20,Maine,1214,Fort Fairfield,"Rural, distant",Regular local school district,520,3,3338,90,0.172084,7080000,617000,4217000,2246000,2047000,6598000,6392000,3808000,2294000,377000,217000,359000,479000,483000,379000,0,0,290000,290000,0,0,23000,16000,7000,0,23000,116000,103000,0,3000,0,0,0,3000,0,3960000,2669000,1413000,33,100,90,95
2015,2310980,RSU 87/MSAD 23,Maine,1217,Carmel,"Rural, distant",Regular local school district,854,Missing/not reported,5606,111,0.121978,9377000,653000,6215000,2509000,2409000,9353000,7045000,3862000,2920000,357000,392000,425000,435000,761000,550000,0,0,263000,263000,0,0,0,0,0,0,13000,156000,63000,1000,137000,0,0,16000,121000,0,4201000,2663000,1620000,,,,
2015,2311010,RSU 88/MSAD 24,Maine,1218,Van Buren,"Rural, remote",Regular local school district,297,59,2381,69,0.269531,4801000,571000,3259000,971000,776000,4558000,4338000,2845000,1327000,153000,135000,233000,219000,450000,137000,0,0,166000,166000,0,0,97000,0,97000,0,1000,128000,14000,0,48000,0,0,23000,25000,0,2478000,1864000,1118000,17,79,60,69
2015,2311100,MSAD 27,Maine,1221,Fort Kent,"Rural, remote",Regular local school district,851,8,6283,119,0.142686,13237000,1079000,6639000,5519000,4479000,12348000,11080000,6073000,4559000,713000,618000,424000,771000,1186000,493000,354000,0,448000,448000,0,0,610000,152000,458000,0,14000,299000,194000,68000,173000,0,0,19000,154000,0,6519000,3980000,2799000,77,94,90,92
2015,2311130,RSU 28/MSAD 28,Maine,1222,Camden,"Rural, fringe",Regular local school district,725,9,8204,134,0.169406,14249000,515000,1242000,12492000,11910000,12644000,11837000,7385000,4111000,706000,398000,189000,694000,1469000,544000,111000,0,341000,341000,0,0,0,0,0,0,23000,271000,57000,21000,285000,126000,0,13000,146000,0,7238000,5012000,2818000,,,,
2015,2311160,RSU 29/MSAD 29,Maine,1223,Houlton,"Rural, fringe",Regular local school district,1288,Missing/not reported,7734,244,0.208369,15981000,1677000,10040000,4264000,3508000,15116000,13798000,8974000,4061000,579000,529000,580000,618000,1132000,623000,0,0,763000,763000,0,0,226000,0,226000,0,42000,270000,75000,185000,203000,0,0,0,203000,0,8517000,6173000,3378000,76,100,95,97
2015,2311220,RSU 30/MSAD 30,Maine,1224,Lee,"Rural, remote",Regular local school district,251,Missing/not reported,1812,49,0.181481,3931000,337000,1990000,1604000,1152000,3635000,2645000,1440000,1038000,161000,112000,69000,182000,270000,199000,45000,0,167000,167000,0,0,0,0,0,0,11000,76000,23000,0,7000,0,0,0,7000,0,1425000,950000,621000,,,,
2015,2311250,RSU 31/MSAD 31,Maine,1225,Lagrange,"Rural, distant",Regular local school district,482,4,3783,118,0.223062,7829000,542000,3392000,3895000,3461000,7483000,6992000,4433000,2262000,319000,283000,194000,392000,623000,354000,97000,0,297000,297000,0,0,26000,0,26000,0,9000,211000,57000,53000,79000,0,0,32000,47000,0,4020000,2912000,1721000,44,89,80,84
2015,2311280,RSU 32/MSAD 32,Maine,1226,Ashland,"Rural, remote",Regular local school district,251,Missing/not reported,1995,38,0.15261,4822000,308000,1858000,2656000,2003000,6223000,4460000,2524000,1796000,242000,97000,343000,368000,460000,286000,0,0,140000,140000,0,0,0,0,0,0,4000,144000,20000,9000,26000,0,0,15000,11000,0,2600000,1761000,991000,23,100,80,90
2015,2311310,RSU 33/MSAD 33,Maine,1227,Frenchville,"Rural, remote",Regular local school district,236,57,1751,43,0.179167,3852000,282000,1861000,1709000,894000,3924000,3880000,1990000,1731000,196000,174000,207000,370000,604000,180000,0,0,159000,159000,0,0,0,0,0,0,8000,160000,138000,0,43000,0,0,17000,26000,0,2085000,1283000,757000,31,100,90,95
2015,2311370,RSU 35/MSAD 35,Maine,1229,Eliot,"Rural, fringe",Regular local school district,2257,20,13705,169,0.069433,33746000,938000,14631000,18177000,16305000,30740000,29336000,16936000,11754000,2298000,1449000,1020000,1950000,3105000,1629000,303000,0,646000,646000,0,0,216000,0,216000,0,66000,588000,196000,293000,389000,0,0,0,389000,0,18162000,11932000,6802000,187,94,90,92
2015,2311430,RSU 37/MSAD 37,Maine,1231,Harrington,"Rural, remote",Regular local school district,653,31,4494,109,0.176661,9079000,817000,2564000,5698000,5065000,9000000,8577000,4925000,3245000,469000,423000,403000,428000,855000,540000,127000,0,407000,407000,0,0,39000,0,39000,0,17000,192000,95000,0,187000,0,0,40000,147000,0,5085000,3297000,1931000,51,100,90,95
2015,2311520,RSU 03/MSAD 03,Maine,1197,Unity,"Rural, distant",Regular local school district,1373,7,10869,338,0.218912,22158000,1999000,12277000,7882000,7653000,19747000,17314000,8990000,7449000,1441000,1065000,665000,1044000,1852000,1062000,320000,0,875000,875000,0,0,155000,0,155000,0,9000,352000,203000,291000,575000,0,0,18000,557000,0,10192000,5970000,4044000,96,84,80,82
2015,2311550,RSU 40/MSAD 40,Maine,1234,Union,"Rural, distant",Regular local school district,1863,7,14721,364,0.177388,27166000,2260000,10663000,14243000,13672000,25945000,24214000,13002000,10353000,2173000,1836000,840000,1606000,2132000,1484000,282000,0,859000,859000,0,0,108000,0,108000,0,32000,422000,267000,89000,195000,0,0,60000,135000,0,14558000,9072000,5683000,153,100,95,97
2015,2311580,RSU 41/MSAD 41,Maine,1235,Lagrange,"Rural, remote",Regular local school district,689,Missing/not reported,4474,194,0.295732,9785000,1254000,5508000,3023000,2087000,9559000,9399000,5456000,3494000,775000,319000,261000,500000,1078000,465000,96000,0,449000,449000,0,0,0,0,0,0,27000,215000,120000,0,34000,0,0,18000,16000,0,5298000,3460000,2456000,49,89,80,84
2015,2311610,RSU 42/MSAD 42,Maine,1236,Mars Hill,"Rural, remote",Regular local school district,379,Missing/not reported,2119,23,0.082734,5446000,329000,2411000,2706000,1806000,5007000,4867000,2753000,1913000,282000,260000,324000,297000,456000,293000,1000,0,201000,201000,0,0,7000,0,7000,0,7000,162000,104000,0,4000,0,0,0,4000,0,2933000,1995000,1099000,39,100,90,95
2015,2311670,RSU 44/MSAD 44,Maine,1238,Bethel,"Rural, remote",Regular local school district,592,Missing/not reported,4984,132,0.176,12971000,679000,971000,11321000,8315000,11545000,10540000,5328000,4822000,679000,971000,390000,624000,1170000,808000,180000,0,390000,390000,0,0,116000,0,116000,0,11000,259000,146000,0,24000,0,0,0,24000,0,6557000,3811000,2506000,64,84,80,82
2015,2311700,RSU 45/MSAD 45,Maine,1239,Washburn,"Rural, distant",Regular local school district,368,Missing/not reported,2250,39,0.117825,4873000,696000,2892000,1285000,1115000,4767000,4706000,2831000,1705000,185000,161000,339000,306000,475000,239000,0,0,170000,170000,0,0,0,0,0,0,7000,137000,41000,0,20000,0,0,6000,14000,0,2781000,1883000,1009000,38,89,80,84
2015,2311730,RSU 80/MSAD 04,Maine,1198,Guilford,"Rural, remote",Regular local school district,591,Missing/not reported,4972,175,0.273865,8371000,734000,3557000,4080000,3673000,8172000,7897000,4694000,2876000,478000,455000,349000,352000,692000,424000,126000,0,327000,326000,1000,0,0,0,0,0,6000,164000,39000,81000,195000,0,0,0,195000,0,4806000,3076000,2036000,56,100,90,95
2015,2311790,RSU 06/MSAD 06,Maine,1200,Buxton,"Rural, distant",Regular local school district,3715,12,26525,366,0.089138,52863000,3423000,24740000,24700000,24027000,49118000,45939000,25601000,18720000,4370000,2319000,1074000,2541000,5248000,2651000,517000,0,1618000,1618000,0,0,301000,19000,282000,0,148000,1225000,223000,695000,1034000,33000,0,152000,849000,0,28031000,17422000,11020000,286,82,82,82
2015,2311820,RSU 07/MSAD 07,Maine,1201,North Haven,"Rural, distant",Regular local school district,61,Missing/not reported,356,6,0.12766,2181000,17000,181000,1983000,1979000,2084000,1943000,1221000,722000,91000,86000,136000,204000,169000,36000,0,0,0,0,0,0,7000,0,7000,0,15000,41000,7000,1000,55000,0,0,17000,38000,0,1170000,811000,533000,10,100,50,75
2015,2311850,RSU 08/MSAD 08,Maine,1202,Vinalhaven,"Rural, remote",Regular local school district,177,Missing/not reported,1175,16,0.091954,3811000,33000,993000,2785000,2732000,3436000,3032000,1872000,1032000,146000,140000,113000,204000,325000,9000,95000,0,128000,128000,0,0,16000,12000,4000,0,21000,53000,3000,26000,43000,0,0,11000,32000,0,1868000,1294000,650000,21,100,80,90
2015,2311910,MSAD 76,Maine,1267,Bar Harbor,"Rural, remote",Regular local school district,52,Missing/not reported,333,9,0.183673,1219000,56000,97000,1066000,1053000,1151000,999000,536000,393000,30000,37000,31000,99000,101000,95000,0,0,70000,70000,0,0,1000,0,1000,0,4000,31000,7000,4000,20000,0,0,1000,19000,0,466000,318000,223000,,,,
2015,2312100,Education in Unorganized Terr,Maine,1269,Augusta,"Rural, remote",Regular local school district,846,Missing/not reported,,,,12566000,417000,12118000,31000,Not applicable,12440000,5656000,1628000,3967000,365000,1324000,381000,298000,398000,955000,246000,0,61000,61000,0,0,0,0,0,0,0,0,0,0,0,0,0,0,0,0,1626000,910000,1404000,,,,
2015,2312140,Sedgwick Public Schools,Maine,1150,Deer Isle,"Rural, remote",Regular local school district,146,Missing/not reported,1201,25,0.13587,2194000,105000,253000,1836000,Not applicable,2206000,1656000,910000,655000,131000,69000,44000,129000,135000,127000,20000,0,91000,91000,0,0,0,0,0,0,5000,45000,28000,0,0,0,0,0,0,0,857000,574000,388000,,,,
2015,2312180,Shirley Public Schools,Maine,1151,Greenville,"Rural, remote",Regular local school district,5,Missing/not reported,225,7,0.318182,99000,0,2000,97000,Not applicable,93000,19000,0,19000,0,0,15000,0,0,0,4000,0,0,0,0,0,0,0,0,0,0,0,0,0,0,0,0,0,0,0,0,0,0,,,,
2015,2312260,Houlton-Region 2,Maine,1273,Houlton,"Rural, fringe",Regional education service agency,,,,,,1657000,38000,80000,1539000,0,1754000,1582000,718000,864000,216000,99000,0,247000,300000,2000,0,0,0,0,0,0,53000,0,53000,0,3000,43000,68000,0,119000,0,0,35000,84000,0,728000,429000,303000,,,,
2015,2312300,South Bristol Public Schools,Maine,1153,Damariscotta,"Rural, remote",Regular local school district,89,Missing/not reported,879,11,0.113402,1692000,45000,112000,1535000,Not applicable,1750000,1331000,684000,604000,76000,79000,18000,181000,150000,88000,12000,0,43000,43000,0,0,0,0,0,0,0,28000,6000,9000,43000,0,0,0,43000,0,683000,422000,312000,,,,
2015,2312320,Oxford-Region 11,Maine,1280,Paris,"Town, distant",Regional education service agency,,,,,,3964000,49000,199000,3716000,0,3384000,3228000,2081000,1147000,99000,13000,312000,4000,712000,7000,0,0,0,0,0,0,47000,0,47000,0,8000,0,28000,0,71000,0,0,71000,0,0,1643000,1332000,659000,,,,
2015,2312330,South Portland Public Schools,Maine,1155,South Portland,"City, small",Regular local school district,3084,226,25739,458,0.134232,52479000,2932000,9297000,40250000,Not applicable,49657000,46957000,27363000,18013000,4325000,2455000,1324000,2524000,4693000,1829000,863000,0,1581000,1581000,0,0,102000,34000,68000,0,37000,814000,692000,0,290000,0,0,0,290000,0,29515000,19009000,11292000,217,94,94,94
2015,2312360,Southport Public Schools,Maine,1154,Boothbay Harbor,"Rural, distant",Regular local school district,47,Missing/not reported,597,9,0.157895,1027000,12000,56000,959000,Not applicable,1019000,592000,287000,270000,58000,18000,18000,65000,76000,35000,0,0,35000,35000,0,0,0,0,0,0,6000,7000,18000,5000,95000,0,0,2000,93000,0,288000,199000,91000,,,,
2015,2312370,Bangor-Region 4,Maine,1274,Bangor,"City, small",Regional education service agency,,,,,,2528000,0,116000,2412000,0,2625000,2443000,1402000,1041000,12000,16000,27000,265000,420000,232000,69000,0,0,0,0,0,120000,0,120000,0,11000,128000,21000,9000,62000,0,0,14000,48000,0,1202000,831000,505000,,,,
2015,2312390,Southwest Harbor Public Schools,Maine,1156,Bar Harbor,"Rural, distant",Regular local school district,143,Missing/not reported,1772,14,0.092105,3582000,98000,330000,3154000,Not applicable,3193000,3086000,1703000,1278000,389000,157000,63000,217000,356000,96000,0,0,105000,105000,0,0,0,0,0,0,9000,72000,27000,20000,25000,0,0,1000,24000,0,1773000,1141000,753000,,,,
2015,2312750,Surry Public Schools,Maine,1159,Blue Hill,"Rural, distant",Regular local school district,165,Missing/not reported,1472,26,0.150289,2213000,93000,227000,1893000,Not applicable,2501000,1814000,1094000,650000,73000,33000,48000,170000,132000,172000,22000,0,70000,70000,0,0,0,0,0,0,4000,32000,9000,3000,6000,0,0,0,6000,0,962000,686000,413000,,,,
2015,2312810,Talmadge Public Schools,Maine,1160,Baileyville,"Rural, distant",Regular local school district,9,Missing/not reported,62,3,0.333333,135000,5000,33000,97000,Not applicable,114000,6000,2000,4000,0,0,2000,0,0,0,2000,0,0,0,0,0,0,0,0,0,0,0,0,0,0,0,0,0,0,0,0,0,0,,,,
2015,2312960,Tremont Public Schools,Maine,1162,Bar Harbor,"Rural, remote",Regular local school district,115,3,1570,13,0.101563,2720000,105000,244000,2371000,Not applicable,2555000,2533000,1537000,884000,169000,112000,55000,202000,228000,118000,0,0,112000,112000,0,0,0,0,0,0,18000,61000,13000,10000,22000,0,0,6000,16000,0,1406000,995000,613000,,,,
2015,2312980,Trenton Public Schools,Maine,1163,Bar Harbor,"Rural, distant",Regular local school district,171,Missing/not reported,1490,38,0.213483,3129000,177000,346000,2606000,Not applicable,3160000,2548000,1562000,883000,193000,134000,63000,186000,198000,109000,0,0,103000,103000,0,0,0,0,0,0,15000,59000,24000,4000,12000,0,0,6000,6000,0,1490000,1067000,541000,,,,
2015,2313070,Upton Public Schools,Maine,1164,Bethel,"Rural, remote",Regular local school district,1,Missing/not reported,112,3,0.333333,48000,0,1000,47000,Not applicable,22000,3000,0,3000,0,0,2000,0,0,0,1000,0,0,0,0,0,0,0,0,0,0,0,0,0,0,0,0,0,0,0,0,0,0,,,,
2015,2313080,Vanceboro Public Schools,Maine,1165,Vanceboro,"Rural, remote",Regular local school district,15,Missing/not reported,135,5,0.238095,217000,8000,76000,133000,Not applicable,215000,51000,1000,50000,0,8000,20000,0,3000,19000,0,0,0,0,0,0,0,0,0,0,0,0,0,0,0,0,0,0,0,0,19000,0,3000,,,,
2015,2313110,Vassalboro Public Schools,Maine,1166,Waterville,"Rural, distant",Regular local school district,660,Missing/not reported,4266,101,0.145743,8268000,539000,4174000,3555000,Not applicable,8417000,6022000,3527000,2263000,423000,152000,152000,330000,416000,418000,372000,0,232000,232000,0,0,0,0,0,0,21000,61000,31000,11000,54000,0,0,15000,39000,0,3266000,2294000,1325000,,,,
2015,2313140,Veazie Public Schools,Maine,1167,Veazie,"Suburb, small",Regular local school district,250,4,1904,76,0.283582,4069000,71000,1146000,2852000,Not applicable,3880000,2731000,1632000,1019000,229000,91000,105000,175000,225000,135000,59000,0,80000,80000,0,0,0,0,0,0,17000,64000,8000,28000,29000,0,0,1000,28000,0,1417000,1069000,602000,,,,
2015,2313200,Waite Public Schools,Maine,1168,Baileyville,"Rural, distant",Regular local school district,14,Missing/not reported,97,3,0.230769,204000,2000,48000,154000,Not applicable,164000,47000,0,47000,0,0,4000,0,0,41000,2000,0,0,0,0,0,0,0,0,0,0,0,0,0,0,0,0,0,0,0,18000,0,10000,,,,
2015,2313210,Waldo-Region 7,Maine,1275,Waldo,"Rural, distant",Regional education service agency,,,,,,1979000,63000,120000,1796000,0,1950000,1863000,1024000,839000,103000,221000,3000,221000,289000,2000,0,0,0,0,0,0,32000,0,32000,0,7000,88000,18000,36000,55000,0,0,11000,44000,0,1058000,649000,416000,,,,
2015,2313350,Waterville Public Schools,Maine,1170,Waterville,"Town, remote",Regular local school district,1803,15,15443,434,0.236641,25953000,2894000,13496000,9563000,Not applicable,24910000,23608000,13858000,8676000,2012000,1168000,524000,1551000,2008000,714000,699000,0,1074000,1074000,0,0,660000,165000,467000,28000,102000,488000,119000,111000,362000,0,0,97000,265000,0,13301000,8999000,5569000,164,79,75,77
2015,2313490,Wells-Ogunquit CSD,Maine,1293,Wells,"Rural, distant",Regular local school district,1296,5,10699,78,0.056196,26936000,608000,2424000,23904000,23336000,37040000,22472000,13253000,8511000,1756000,1126000,760000,1161000,2246000,1097000,365000,0,708000,708000,0,0,219000,0,219000,0,53000,393000,517000,285000,13022000,11933000,0,25000,1064000,0,13265000,9081000,5392000,113,100,95,97
2015,2313500,Wesley Public Schools,Maine,1173,Machias,"Rural, remote",Regular local school district,16,Missing/not reported,94,1,0.166667,307000,29000,22000,256000,Not applicable,227000,203000,120000,61000,2000,1000,7000,0,28000,23000,0,0,22000,22000,0,0,0,0,0,0,0,11000,2000,0,4000,0,0,3000,1000,0,127000,91000,30000,,,,
2015,2313530,West Bath School Department,Maine,1174,West Bath,"Town, fringe",Regular local school district,219,Missing/not reported,1869,35,0.136719,3114000,17000,193000,2904000,Not applicable,2938000,2200000,1086000,1037000,61000,191000,160000,188000,266000,117000,54000,0,77000,77000,0,0,0,0,0,0,0,0,0,0,0,0,0,0,0,0,964000,677000,461000,,,,
2015,2313560,Westbrook Public Schools,Maine,1175,Westbrook,"Suburb, midsize",Regular local school district,2569,326,18010,468,0.193628,40362000,3650000,17017000,19695000,Not applicable,37737000,35101000,21004000,12712000,2739000,1281000,1402000,2021000,3412000,1419000,438000,0,1385000,1385000,0,0,617000,504000,113000,0,77000,483000,127000,271000,681000,0,0,172000,509000,0,21579000,13966000,8747000,175,84,80,82
2015,2313590,Westmanland Public Schools,Maine,1176,Woodland,"Rural, distant",Regular local school district,7,Missing/not reported,59,2,0.333333,51000,1000,1000,49000,Not applicable,22000,22000,0,22000,0,0,5000,0,0,17000,0,0,0,0,0,0,0,0,0,0,0,0,0,0,0,0,0,0,0,0,17000,0,2000,,,,
2015,2313710,Whitneyville Public Schools,Maine,1179,Machias,"Rural, remote",Regular local school district,31,Missing/not reported,212,7,0.291667,286000,10000,130000,146000,Not applicable,285000,38000,4000,34000,4000,0,6000,0,0,24000,0,0,0,0,0,0,0,0,0,0,0,0,0,0,0,0,0,0,0,0,19000,0,2000,,,,
2015,2313740,Willimantic Public Schools,Maine,1180,Cherryfield,"Rural, remote",Regular local school district,19,Missing/not reported,145,4,0.235294,Missing/not reported,Missing/not reported,Missing/not reported,Missing/not reported,Not applicable,Missing/not reported,Missing/not reported,Missing/not reported,Missing/not reported,Missing/not reported,Missing/not reported,Missing/not reported,Missing/not reported,Missing/not reported,Missing/not reported,Missing/not reported,Missing/not reported,Missing/not reported,Missing/not reported,Missing/not reported,Missing/not reported,Missing/not reported,Missing/not reported,Missing/not reported,Missing/not reported,Missing/not reported,Missing/not reported,Missing/not reported,Missing/not reported,Missing/not reported,Missing/not reported,Missing/not reported,Missing/not reported,Missing/not reported,Missing/not reported,Missing/not reported,Missing/not reported,Missing/not reported,,,,
2015,2313860,Winslow Schools,Maine,1183,Waterville,"Town, remote",Regular local school district,1120,19,7654,231,0.184358,16427000,1286000,7760000,7381000,Not applicable,15894000,15257000,9516000,5167000,1168000,634000,294000,916000,1326000,577000,252000,0,574000,574000,0,0,114000,74000,0,40000,70000,366000,43000,28000,77000,0,0,28000,49000,0,8857000,6295000,3638000,109,89,85,87
2015,2313970,Winthrop Public Schools,Maine,1185,Winthrop,"Rural, distant",Regular local school district,879,3,5986,99,0.114583,12312000,820000,4923000,6569000,Not applicable,11385000,10967000,6522000,4000000,611000,571000,406000,591000,1194000,516000,111000,0,445000,445000,0,0,136000,10000,126000,0,52000,316000,130000,25000,107000,0,0,43000,64000,0,6143000,4388000,2398000,60,89,80,84
2015,2313980,Wiscasset Public Schools,Maine,1186,Wiscasset,"Rural, distant",Regular local school district,444,4,3679,75,0.15213,9987000,519000,2087000,7381000,Not applicable,9412000,9152000,5415000,3508000,601000,459000,500000,454000,954000,468000,72000,0,229000,229000,0,0,13000,0,13000,0,31000,0,0,0,114000,0,0,20000,94000,0,5710000,3772000,2144000,53,79,70,74
2015,2314010,Woodland Public Schools,Maine,1187,Woodland,"Rural, distant",Regular local school district,158,Missing/not reported,1158,30,0.188679,2056000,165000,1281000,610000,Not applicable,1520000,1345000,789000,498000,96000,17000,131000,85000,111000,58000,0,0,58000,58000,0,0,0,0,0,0,20000,21000,7000,11000,66000,0,0,0,66000,0,866000,569000,264000,,,,
2015,2314040,Woodville Public Schools,Maine,1188,East Millinocket,"Rural, distant",Regular local school district,31,Missing/not reported,246,9,0.209302,357000,5000,166000,186000,Not applicable,376000,73000,53000,20000,3000,0,13000,0,0,0,4000,0,0,0,0,0,0,0,0,0,0,0,0,0,0,0,0,0,0,0,12000,0,3000,,,,
2015,2314100,Yarmouth Schools,Maine,1190,Yarmouth,"Suburb, midsize",Regular local school district,1517,22,8595,74,0.050443,25183000,629000,5373000,19181000,Not applicable,23337000,22664000,14236000,7706000,1744000,1253000,630000,1102000,1719000,894000,364000,0,722000,722000,0,0,0,0,0,0,63000,333000,62000,13000,65000,0,0,21000,44000,0,14625000,10089000,5289000,137,100,95,97
2015,2314130,York Public Schools,Maine,1191,York,"Suburb, small",Regular local school district,1743,5,12775,155,0.079733,32809000,667000,3146000,28996000,Not applicable,31912000,29678000,18008000,11025000,2281000,1255000,972000,1534000,3190000,1252000,541000,0,645000,645000,0,0,325000,131000,194000,0,106000,550000,146000,344000,1053000,503000,0,0,550000,0,17774000,12663000,7073000,154,94,90,92
2015,2314160,RSU 52/MSAD 52,Maine,1246,Turner,"Rural, distant",Regular local school district,1947,28,12356,247,0.112069,29027000,1523000,16074000,11430000,10411000,27505000,25924000,14943000,10076000,1675000,1243000,1038000,1641000,2579000,1656000,244000,0,905000,905000,0,0,398000,0,398000,0,55000,479000,357000,8000,122000,0,0,27000,95000,0,15893000,10349000,5884000,143,89,85,87
2015,2314190,RSU 55/MSAD 55,Maine,1249,Hiram,"Rural, distant",Regular local school district,1018,5,8023,239,0.187598,17024000,1522000,6785000,8717000,7463000,15835000,15264000,7919000,6808000,815000,1129000,810000,748000,2134000,1125000,47000,0,537000,537000,0,0,135000,5000,130000,0,33000,303000,265000,2000,118000,1000,0,15000,102000,0,8089000,5295000,3017000,91,89,85,87
2015,2314210,RSU 61/MSAD 61,Maine,1255,Bridgton,"Rural, distant",Regular local school district,1783,9,14972,293,0.140933,32916000,2461000,3962000,26493000,26009000,30812000,29002000,15987000,12114000,1953000,1950000,1131000,1602000,3450000,1622000,406000,0,901000,901000,0,0,583000,50000,533000,0,39000,503000,191000,258000,570000,70000,70000,106000,324000,0,17702000,10894000,7225000,133,89,85,87
2015,2314240,RSU 51/MSAD 51,Maine,1245,Cumberland,"Suburb, midsize",Regular local school district,2007,17,11097,98,0.044204,37325000,724000,13833000,22768000,21887000,35717000,33955000,20764000,12391000,2700000,1566000,656000,1286000,4222000,1415000,546000,0,800000,800000,0,0,0,0,0,0,165000,599000,238000,306000,647000,118000,0,164000,365000,0,20682000,14567000,7814000,174,100,95,97
2015,2314300,RSU 58/MSAD 58,Maine,1252,Phillips,"Rural, remote",Regular local school district,546,3,3606,85,0.15233,11833000,910000,3684000,7239000,3592000,10233000,10207000,5783000,3967000,757000,386000,396000,665000,962000,593000,208000,0,457000,457000,0,0,8000,0,8000,0,11000,258000,133000,0,9000,0,0,4000,5000,0,6253000,3983000,2355000,64,100,95,97
2015,2314330,RSU 49/MSAD 49,Maine,1243,Fairfield,"Town, remote",Regular local school district,2183,7,14703,455,0.192145,30499000,2653000,16989000,10857000,9951000,29454000,26891000,15606000,10214000,1819000,879000,720000,1335000,3617000,1517000,327000,0,1071000,1071000,0,0,1116000,771000,345000,0,121000,543000,188000,462000,776000,0,0,200000,576000,0,15749000,10466000,6621000,170,89,85,87
2015,2314410,RSU 65/MSAD 65,Maine,1259,Sedgwick,"Rural, remote",Regular local school district,3,Missing/not reported,74,1,0.111111,154000,0,7000,147000,147000,128000,128000,88000,40000,0,1000,19000,0,14000,0,6000,0,0,0,0,0,0,0,0,0,0,3000,2000,0,0,0,0,0,0,0,55000,46000,22000,,,,
2015,2314440,RSU 64/MSAD 64,Maine,1258,East Corinth,"Rural, distant",Regular local school district,1072,Missing/not reported,8182,183,0.138427,14129000,575000,8728000,4826000,4574000,31000000,13201000,7797000,4936000,688000,440000,423000,916000,1029000,1402000,38000,0,468000,468000,0,0,0,0,0,0,35000,272000,28000,0,16761000,16272000,0,10000,479000,0,7227000,5077000,3049000,94,84,80,82
2015,2314470,RSU 63/MSAD 63,Maine,1257,Holden,"Rural, fringe",Regular local school district,863,Missing/not reported,6172,93,0.098831,10410000,340000,4834000,5236000,4939000,9955000,6649000,3786000,2580000,262000,235000,172000,350000,793000,660000,108000,0,283000,283000,0,0,0,0,0,0,22000,201000,28000,21000,21000,0,0,0,21000,0,3847000,2578000,1452000,,,,
2015,2314530,MSAD 46,Maine,1240,Dexter,"Rural, distant",Regular local school district,931,4,6521,221,0.22012,17684000,1363000,9607000,6714000,3332000,16142000,14997000,8132000,6364000,751000,820000,186000,897000,3041000,613000,56000,0,501000,501000,0,0,0,0,0,0,28000,296000,240000,113000,529000,5000,0,258000,266000,0,7439000,5234000,3079000,77,84,80,82
2015,2314560,RSU 59/MSAD 59,Maine,1253,Madison,"Rural, distant",Regular local school district,631,Missing/not reported,5373,148,0.186398,10941000,891000,4358000,5692000,4973000,11892000,11619000,5989000,5221000,608000,488000,347000,555000,2626000,423000,174000,0,409000,409000,0,0,0,0,0,0,28000,205000,140000,0,54000,0,0,0,54000,0,5874000,3803000,2525000,70,89,85,87
2015,2314590,RSU 54/MSAD 54,Maine,1248,Skowhegan,"Town, remote",Regular local school district,2558,17,16875,536,0.207671,39928000,3990000,21022000,14916000,14165000,37367000,35545000,22140000,11912000,2511000,1540000,966000,1723000,3162000,1679000,331000,0,1493000,1493000,0,0,355000,0,355000,0,141000,645000,190000,273000,473000,0,0,109000,364000,0,20381000,14143000,9376000,199,79,75,77
2015,2314610,RSU 53/MSAD 53,Maine,1247,Pittsfield,"Town, distant",Regular local school district,1047,3,6134,254,0.248776,12455000,673000,6871000,4911000,4823000,12581000,8957000,5820000,2814000,311000,251000,390000,619000,541000,584000,118000,0,323000,323000,0,0,61000,12000,49000,0,74000,135000,29000,83000,156000,0,0,64000,92000,0,5067000,3697000,2160000,6,100,50,75
2015,2314670,RSU 57/MSAD 57,Maine,1251,Waterboro,"Rural, distant",Regular local school district,3135,6,22592,328,0.089544,43303000,2532000,17171000,23600000,22737000,40068000,38179000,20665000,16027000,3076000,1931000,1304000,2317000,4435000,2606000,358000,0,1487000,1487000,0,0,365000,0,365000,0,18000,805000,562000,18000,278000,0,0,109000,169000,0,23141000,14557000,9297000,257,86,86,86
2015,2314700,RSU 60/MSAD 60,Maine,1254,North Berwick,"Rural, fringe",Regular local school district,3002,20,18220,250,0.08138,43646000,2531000,22597000,18518000,17149000,40141000,38404000,21580000,15319000,3408000,2185000,1191000,1900000,4074000,2074000,487000,0,1505000,1480000,25000,0,342000,23000,319000,0,119000,758000,461000,86000,154000,0,0,27000,127000,0,24941000,15696000,8851000,224,83,83,83
2015,2314761,RSU 68/MSAD 68,Maine,1261,Dover-Foxcroft,"Rural, remote",Regular local school district,979,3,6737,221,0.212705,11252000,839000,5716000,4697000,4313000,10844000,7035000,4214000,2496000,434000,286000,325000,320000,460000,575000,96000,0,325000,325000,0,0,435000,0,435000,0,2000,137000,146000,13000,71000,0,0,34000,37000,0,3723000,2565000,1598000,,,,
2015,2314762,RSU 70/MSAD 70,Maine,1262,Hodgdon,"Rural, distant",Regular local school district,477,Missing/not reported,3613,98,0.194831,7747000,882000,3732000,3133000,2675000,7662000,6931000,3807000,2818000,527000,372000,324000,454000,640000,438000,63000,0,306000,306000,0,0,19000,0,19000,0,25000,102000,53000,77000,305000,0,0,4000,301000,0,4139000,2615000,1651000,36,100,90,95
2015,2314765,RSU 72/MSAD 72,Maine,1264,Fryeburg,"Rural, distant",Regular local school district,1094,4,8253,205,0.155894,17807000,806000,4952000,12049000,11372000,25888000,12536000,7163000,5003000,993000,540000,439000,551000,948000,1212000,320000,0,370000,370000,0,0,0,0,0,0,17000,232000,112000,23000,8517000,8378000,0,5000,134000,0,6636000,4135000,3230000,,,,
2015,2314767,RSU 74/MSAD 74,Maine,1265,North Anson,"Rural, distant",Regular local school district,679,Missing/not reported,5110,137,0.195714,11042000,1022000,4953000,5067000,4587000,14240000,13895000,5996000,7472000,505000,465000,376000,630000,4792000,613000,91000,0,427000,427000,0,0,9000,0,9000,0,29000,199000,104000,0,40000,0,0,1000,39000,0,5951000,3816000,2376000,67,94,90,92
2015,2314768,RSU 75/MSAD 75,Maine,1266,Topsham,"Town, fringe",Regular local school district,2421,10,19554,392,0.140301,43434000,1844000,17684000,23906000,21998000,40328000,37322000,20199000,15792000,3457000,2760000,1224000,2184000,3426000,2064000,677000,0,1331000,1285000,46000,0,609000,0,609000,0,36000,692000,369000,202000,631000,194000,0,34000,403000,0,22835000,13669000,10037000,179,94,90,92
2015,2314771,Chebeague Island Public Schools,Maine,3149,Chebeague Island,"Rural, fringe",Regular local school district,53,Missing/not reported,348,3,0.078947,1114000,0,108000,1006000,Not applicable,573000,573000,308000,265000,16000,0,0,44000,46000,89000,70000,0,0,0,0,0,0,0,0,0,0,7000,1000,0,0,0,0,0,0,0,332000,229000,115000,,,,
2015,2314772,RSU 01 - LKRSU,Maine,3152,Bath,"Town, fringe",Regular local school district,1862,5,14171,371,0.186432,31049000,1842000,11181000,18026000,16518000,29869000,27865000,15952000,10999000,1543000,1749000,1646000,1814000,2867000,1242000,138000,0,914000,914000,0,0,265000,3000,262000,0,22000,690000,284000,195000,332000,80000,12000,30000,210000,0,15106000,10915000,6148000,157,79,75,77
2015,2314773,RSU 21,Maine,3167,Kennebunk,"Rural, fringe",Regular local school district,2510,22,18668,141,0.049823,43617000,1243000,7533000,34841000,34021000,49621000,35150000,20634000,13782000,2827000,1939000,1014000,1942000,3431000,2317000,312000,0,734000,734000,0,0,117000,0,117000,0,112000,748000,359000,230000,9974000,8711000,751000,1000,511000,0,21456000,14043000,8559000,170,100,95,97
2015,2314775,RSU 16,Maine,3163,Poland,"Rural, fringe",Regular local school district,1712,5,10969,233,0.125134,23613000,1398000,11874000,10341000,9895000,22370000,21031000,12540000,7626000,1238000,890000,920000,1242000,1883000,1239000,214000,0,865000,865000,0,0,215000,0,215000,0,37000,395000,129000,218000,279000,0,0,10000,269000,0,12728000,8344000,5191000,114,94,90,92
2015,2314776,RSU 02,Maine,3156,Hallowell,"Rural, distant",Regular local school district,2036,9,14313,390,0.180639,29114000,1724000,12609000,14781000,13690000,28313000,27263000,16207000,10199000,1832000,1126000,727000,1471000,3470000,1347000,226000,0,857000,857000,0,0,0,0,0,0,45000,637000,333000,271000,331000,0,0,22000,309000,0,15918000,11038000,6223000,172,89,85,87
2015,2314777,RSU 67,Maine,3175,Lincoln,"Rural, remote",Regular local school district,942,Missing/not reported,,,,13728000,1119000,6612000,5997000,5006000,13304000,12270000,6836000,4961000,686000,469000,554000,806000,1592000,721000,133000,0,473000,473000,0,0,85000,0,85000,0,18000,307000,35000,149000,330000,0,0,32000,298000,0,7109000,4520000,3118000,77,94,90,92
2015,2314778,RSU 26,Maine,3171,Orono,"Suburb, small",Regular local school district,581,22,10273,74,0.11746,13214000,447000,4568000,8199000,5902000,12586000,11959000,7719000,3856000,755000,531000,610000,664000,1002000,294000,0,0,384000,259000,125000,0,78000,0,78000,0,55000,185000,57000,1000,191000,0,0,160000,31000,0,7127000,5157000,2920000,91,89,85,87
2015,2314779,RSU 18,Maine,3164,Oakland,"Rural, fringe",Regular local school district,2879,9,18644,358,0.112898,38929000,2214000,15513000,21202000,20474000,37927000,35136000,20442000,13550000,2388000,2832000,892000,1977000,3032000,2040000,389000,0,1144000,1144000,0,0,65000,0,65000,0,106000,669000,592000,0,58000,0,0,1000,57000,0,20949000,13432000,8973000,224,94,94,94
2015,2314780,RSU 12,Maine,3160,Somerville,"Rural, distant",Regular local school district,1475,4,10966,223,0.134988,22183000,1203000,10191000,10789000,10274000,22111000,15240000,7582000,7182000,1477000,527000,675000,752000,2470000,1013000,268000,0,476000,476000,0,0,95000,0,95000,0,35000,236000,140000,81000,150000,0,0,11000,139000,0,8313000,4841000,3426000,,,,
2015,2314782,RSU 34,Maine,3172,Old Town,"Suburb, small",Regular local school district,1274,13,10146,241,0.188281,21637000,1326000,10082000,10229000,7194000,19679000,18907000,11366000,6929000,1131000,1043000,575000,1211000,2142000,605000,222000,0,612000,612000,0,0,47000,0,47000,0,54000,388000,272000,0,61000,0,0,0,61000,0,10787000,7534000,4784000,132,89,85,87
2015,2314783,RSU 04,Maine,3157,Wales,"Rural, fringe",Regular local school district,1480,3,10023,210,0.130354,21415000,1379000,11596000,8440000,8007000,19738000,18591000,10019000,7965000,1406000,1381000,766000,916000,2063000,1124000,309000,0,607000,607000,0,0,338000,262000,76000,0,23000,389000,75000,40000,99000,0,0,7000,92000,0,10910000,6992000,4458000,106,79,75,77
2015,2314784,RSU 23,Maine,3168,Old Orchard Beach,"Suburb, midsize",Regular local school district,771,15,8791,113,0.132785,15023000,791000,1983000,12249000,11456000,15689000,14871000,9145000,5284000,1311000,506000,496000,924000,1341000,516000,190000,0,442000,442000,0,0,498000,0,498000,0,17000,264000,101000,23000,32000,0,0,10000,22000,0,9191000,6217000,3963000,61,84,80,82
2015,2314785,RSU 19,Maine,3165,Newport,"Rural, distant",Regular local school district,2121,6,14862,442,0.194457,26555000,1997000,14747000,9811000,9419000,24783000,23336000,13386000,9038000,1400000,1152000,873000,1348000,2066000,1903000,296000,0,912000,912000,0,0,217000,0,217000,0,23000,458000,72000,55000,694000,449000,0,34000,211000,0,14032000,8867000,5963000,170,89,85,87
2015,2314787,RSU 13,Maine,3161,Rockland,"Town, remote",Regular local school district,1690,9,14794,342,0.177755,28759000,1811000,4756000,22192000,20965000,27788000,26167000,15613000,9783000,1799000,1757000,649000,1429000,2640000,1214000,295000,0,771000,763000,8000,0,240000,40000,200000,0,127000,593000,340000,26000,156000,0,0,72000,84000,0,15854000,10531000,6483000,139,74,70,72
2015,2314788,RSU 38,Maine,3173,Readfield,"Rural, distant",Regular local school district,1183,15,7865,129,0.099691,18823000,990000,4849000,12984000,11649000,17037000,16662000,9243000,6742000,1155000,1079000,584000,998000,1831000,860000,235000,0,677000,677000,0,0,180000,9000,171000,0,50000,351000,224000,17000,73000,0,0,7000,66000,0,10298000,6423000,3685000,112,94,90,92
2015,2314789,RSU 05,Maine,3158,Freeport,"Suburb, midsize",Regular local school district,1895,21,13460,212,0.099531,33386000,833000,7657000,24896000,23650000,36994000,27275000,15718000,10966000,1998000,1600000,1014000,1488000,3170000,1410000,286000,0,591000,591000,0,0,913000,708000,205000,0,57000,522000,90000,276000,6876000,6345000,0,89000,442000,0,17039000,11064000,5921000,123,94,90,92
2015,2314790,RSU 24,Maine,3169,Sullivan,"Rural, distant",Regular local school district,990,7,7655,226,0.220919,18231000,2020000,3400000,12811000,12222000,16399000,14482000,7406000,6394000,1034000,1157000,434000,912000,1470000,1096000,291000,0,682000,682000,0,0,457000,0,457000,0,61000,266000,227000,49000,103000,0,0,13000,90000,0,8698000,5066000,3386000,59,89,80,84
2015,2314791,RSU 20,Maine,3166,Searsport,"Rural, distant",Regular local school district,530,7,4246,88,0.158845,11409000,985000,4397000,6027000,5735000,10215000,9778000,5118000,4247000,663000,561000,512000,452000,1215000,723000,121000,0,413000,413000,0,0,0,0,0,0,12000,275000,53000,48000,80000,0,0,22000,58000,0,5955000,3664000,2231000,40,89,80,84
2015,2314793,RSU 14,Maine,3162,Windham,"Suburb, midsize",Regular local school district,3179,24,22067,305,0.088457,48271000,1973000,18571000,27727000,26223000,43983000,41369000,22853000,16925000,2851000,2795000,924000,2485000,5300000,1930000,640000,0,1591000,1591000,0,0,513000,0,513000,0,101000,920000,713000,100000,228000,0,0,35000,193000,0,25051000,16096000,9895000,282,93,93,93
2015,2314794,RSU 39,Maine,3174,Caribou,"Town, remote",Regular local school district,1329,28,10271,331,0.214239,20057000,1779000,12461000,5817000,4339000,20434000,19506000,10742000,8241000,1567000,1136000,935000,1027000,2448000,885000,243000,0,523000,523000,0,0,293000,7000,286000,0,90000,677000,258000,0,362000,278000,0,4000,80000,0,11214000,6872000,4973000,146,89,85,87
2015,2314795,RSU 10,Maine,3159,Dixfield,"Rural, distant",Regular local school district,2590,21,18833,757,0.281204,44076000,4428000,21680000,17968000,16851000,41081000,37563000,21983000,14129000,2353000,1988000,1114000,1874000,4282000,2194000,324000,0,1451000,1451000,0,0,42000,42000,0,0,66000,865000,371000,769000,890000,0,0,94000,796000,0,21663000,14563000,9446000,212,84,84,84
2015,2314796,RSU 25,Maine,3170,Bucksport,"Rural, distant",Regular local school district,1086,4,8445,224,0.19211,15721000,1379000,4554000,9788000,9271000,15131000,13944000,7506000,5861000,1129000,694000,574000,740000,1637000,1025000,62000,0,577000,577000,0,0,239000,0,239000,0,105000,248000,103000,143000,215000,0,0,73000,142000,0,7729000,5051000,3461000,64,89,85,87
2015,2314803,RSU 78,Maine,3184,Rangeley,"Rural, remote",Regular local school district,190,3,1801,35,0.16055,4167000,306000,343000,3518000,3358000,3996000,3847000,2267000,1456000,256000,177000,316000,148000,321000,226000,12000,0,124000,124000,0,0,13000,0,13000,0,7000,60000,51000,44000,72000,0,0,19000,53000,0,2213000,1470000,956000,17,100,80,90
2015,2314805,RSU 73,Maine,3198,Livermore Falls,"Rural, fringe",Regular local school district,1507,3,9985,295,0.181986,21738000,1858000,6997000,12883000,12541000,21642000,20981000,12595000,7663000,1138000,1143000,571000,993000,2381000,1224000,213000,0,723000,723000,0,0,214000,0,214000,0,39000,454000,232000,0,216000,0,0,150000,66000,0,11963000,8148000,5386000,99,94,90,92
2015,2314806,RSU 50,Maine,3199,Dyer Brook,"Rural, remote",Regular local school district,663,Missing/not reported,5170,127,0.171854,10749000,1082000,5499000,4168000,3730000,10382000,9620000,5315000,3836000,711000,237000,416000,625000,1007000,698000,142000,0,469000,469000,0,0,39000,0,39000,0,59000,354000,41000,84000,270000,0,0,95000,175000,0,5587000,3545000,2229000,46,100,90,95
2015,2314807,Cornville Regional Charter School,Maine,3210,Cornville,"Rural, distant",Charter agency,128,Missing/not reported,,,,1502000,229000,1223000,50000,Not applicable,1438000,1372000,691000,621000,32000,47000,20000,167000,160000,103000,92000,0,60000,60000,0,0,0,0,0,0,25000,38000,27000,29000,64000,0,0,3000,61000,0,611000,437000,197000,,,,
2015,2314808,Maine Academy of Natural Sciences,Maine,3200,Hinckley,"Rural, distant",Charter agency,126,Missing/not reported,,,,1812000,147000,1391000,274000,Not applicable,1779000,1768000,743000,855000,67000,59000,72000,175000,133000,218000,131000,0,170000,170000,0,0,0,0,0,0,4000,9000,6000,10000,11000,0,0,9000,2000,0,749000,446000,319000,15,100,50,75
2015,2314809,RSU 09,Maine,3206,Farmington,"Rural, fringe",Regular local school district,2337,3,,,,36990000,2323000,20730000,13937000,13243000,32756000,29567000,16785000,11916000,2234000,1463000,887000,1577000,3427000,1740000,588000,0,866000,866000,0,0,419000,0,419000,0,26000,743000,407000,53000,234000,130000,0,45000,59000,0,17665000,11379000,7005000,194,89,85,87
2015,2314810,Portage Lake Public Schools,Maine,3208,Ashland,"Rural, remote",Regular local school district,43,Missing/not reported,,,,687000,10000,217000,460000,Not applicable,616000,38000,0,38000,0,0,38000,0,0,0,0,0,0,0,0,0,0,0,0,0,0,0,0,0,0,0,0,0,0,0,15000,0,2000,,,,
2015,2314811,Brighton Plt School Department,Maine,3235,Anson,"Rural, remote",Regular local school district,9,Missing/not reported,69,1,0.2,89000,0,4000,85000,Not applicable,92000,10000,0,10000,0,0,1000,0,0,9000,0,0,0,0,0,0,0,0,0,0,0,0,0,0,0,0,0,0,0,0,0,0,0,,,,
2015,2314812,Baxter Academy for Technology and Science,Maine,3232,Portland,"City, small",Charter agency,316,4,,,,3678000,42000,3407000,229000,Not applicable,3502000,3454000,1927000,1527000,264000,8000,131000,207000,500000,201000,216000,0,0,0,0,0,0,0,0,0,6000,29000,24000,40000,48000,0,0,43000,5000,0,1829000,1312000,602000,39,100,90,95
2015,2314813,Fiddlehead School of Arts and Sciences,Maine,3233,Gray,"Rural, fringe",Charter agency,101,Missing/not reported,,,,1142000,0,1082000,60000,Not applicable,1070000,981000,623000,355000,2000,0,11000,169000,118000,33000,22000,0,3000,0,3000,0,0,0,0,0,8000,0,1000,8000,89000,37000,0,5000,47000,0,601000,450000,155000,,,,
2015,2314814,Cherryfield Public Schools,Maine,3230,Cherryfield,"Rural, remote",Regular local school district,147,Missing/not reported,1186,42,0.278146,1617000,59000,509000,1049000,Not applicable,1673000,1283000,709000,496000,39000,22000,97000,66000,123000,115000,34000,0,78000,78000,0,0,0,0,0,0,17000,30000,7000,5000,14000,0,0,4000,10000,0,653000,463000,224000,,,,
2015,2314815,RSU 22,Maine,3217,Hampden,"Suburb, small",Regular local school district,2345,5,,,,33705000,1471000,20487000,11747000,10467000,30725000,28434000,16474000,10903000,2103000,1863000,912000,1402000,2917000,1381000,325000,0,1057000,1057000,0,0,57000,0,57000,0,67000,0,0,0,88000,32000,0,0,56000,0,16086000,11194000,6057000,180,89,85,87
2015,2314816,Harpswell Coastal Academy,Maine,3234,Harpswell,"Rural, distant",Charter agency,176,Missing/not reported,,,,2169000,54000,1988000,127000,Not applicable,1970000,1914000,995000,919000,111000,0,62000,340000,136000,147000,123000,0,0,0,0,0,0,0,0,0,0,21000,50000,31000,56000,0,0,30000,26000,0,1030000,586000,355000,,,,
2015,2314817,Athens Public Schools,Maine,3231,Athens,"Rural, distant",Regular local school district,140,Missing/not reported,997,44,0.278481,2363000,139000,1393000,831000,Not applicable,2232000,1663000,1132000,467000,81000,56000,29000,77000,120000,94000,10000,0,64000,64000,0,0,0,0,0,0,8000,27000,12000,0,6000,0,0,2000,4000,0,996000,734000,414000,,,,
2015,2314818,Eustis Public Schools,Maine,3229,Stratton,"Rural, remote",Regular local school district,64,Missing/not reported,602,11,0.177419,1866000,42000,177000,1647000,Not applicable,1553000,1348000,731000,562000,35000,45000,71000,153000,142000,82000,34000,0,55000,55000,0,0,0,0,0,0,1000,24000,16000,0,4000,0,0,0,4000,0,812000,506000,284000,,,,
2015,2314819,Maine Connections Academy,Maine,3237,South Portland,"City, small",Charter agency,390,3,,,,3580000,167000,3410000,3000,Not applicable,3275000,3186000,1690000,1496000,133000,522000,165000,362000,91000,0,223000,0,0,0,0,0,0,0,0,0,493000,6000,462000,1000,1000,0,0,0,1000,0,712000,456000,288000,55,69,60,64
2015,2314820,St George Public Schools,Maine,3240,Tenants Harbor,"Rural, distant",Regular local school district,266,Missing/not reported,2599,31,0.096273,5271000,72000,447000,4752000,Not applicable,4707000,3401000,1796000,1605000,244000,201000,268000,182000,352000,206000,152000,0,0,0,0,0,0,0,0,0,13000,0,0,0,65000,0,0,1000,64000,0,1964000,1157000,822000,,,,
2015,2314821,Maine Virtual Academy,Maine,3243,Augusta,"Town, distant",Charter agency,281,Missing/not reported,,,,2614000,81000,2533000,0,Not applicable,2264000,2157000,1621000,536000,60000,12000,187000,6000,3000,0,268000,0,0,0,0,0,0,0,0,0,0,0,140000,9000,107000,0,0,4000,103000,0,594000,452000,201000,35,39,30,34
2015,2314822,RSU 71,Maine,3241,Belfast,"Town, distant",Regular local school district,1507,7,11381,368,0.219964,27008000,1300000,9328000,16380000,15219000,23349000,21314000,12315000,8258000,1806000,992000,878000,1263000,1980000,1157000,182000,0,741000,741000,0,0,366000,0,366000,0,34000,0,0,0,168000,0,0,34000,134000,0,12856000,8107000,5449000,148,84,80,82
2015,2314823,Andover Public Schools,Maine,3238,Andover,"Rural, distant",Regular local school district,86,Missing/not reported,812,12,0.133333,1561000,13000,257000,1291000,Not applicable,1321000,666000,314000,308000,10000,19000,48000,42000,49000,114000,26000,0,44000,44000,0,0,0,0,0,0,0,0,0,0,1000,0,0,0,1000,0,325000,161000,107000,,,,
2015,2314824,Northport Public Schools,Maine,3239,Northport,"Rural, fringe",Regular local school district,180,Missing/not reported,1534,28,0.136585,3096000,103000,283000,2710000,Not applicable,3937000,1645000,751000,792000,103000,101000,58000,190000,183000,99000,58000,0,102000,102000,0,0,0,0,0,0,17000,0,0,0,1273000,1140000,0,0,133000,0,808000,490000,364000,,,,
2015,2314825,Winterville Plt Public Schools,Maine,3242,Winterville Plt,"Rural, remote",Regular local school district,23,Missing/not reported,214,3,0.115385,388000,0,11000,377000,Not applicable,259000,38000,0,38000,0,0,15000,0,0,0,23000,0,0,0,0,0,0,0,0,0,0,0,0,0,0,0,0,0,0,0,0,0,0,,,,