year,ncessch,school_name,state_name,lea_name,zip_location,urban_centric_locale,school_level,school_type,charter,enrollment,read_test_num_valid,read_test_pct_prof_low,read_test_pct_prof_high,read_test_pct_prof_midpt,math_test_num_valid,math_test_pct_prof_low,math_test_pct_prof_high,math_test_pct_prof_midpt,students_susp_in_sch,students_susp_out_sch_single,students_susp_out_sch_multiple,expulsions_no_ed_serv,expulsions_with_ed_serv,expulsions_zero_tolerance,students_corporal_punish,students_arrested,students_referred_law_enforce,transfers_alt_sch_disc,days_suspended,suspensions_instances_preschool,suspensions_instances,corpinstances_preschool,corpinstances,salaries_teachers,cohort_num,grad_rate_high,grad_rate_low,grad_rate_midpt,allegations_harass_sex,allegations_harass_race,allegations_harass_disability,allegations_harass_orientation,allegations_harass_religion,students_disc_harass_dis,students_disc_harass_race,students_disc_harass_sex,students_report_harass_dis,students_report_harass_race,students_report_harass_sex,enrl_biology,enrl_chemistry,enrl_advanced_math,enrl_calculus,enrl_algebra2,enrl_physics,enrl_geometry,instances_mech_restraint,instances_phys_restraint,instances_seclusion,students_mech_restraint,students_phys_restraint,students_seclusion,students_SAT_ACT
2015,500000100418,Castleton-Hubbarton USD #42,Vermont,Castleton-Hubbardton USD #42,5735,"Rural, fringe",Primary,Regular school,Not applicable,352,213,55,55,55,213,40,40,40,12,2,2,0,0,0,Missing/not reported,0,0,0,4,0,5,-1,-1,2163170,,,,,0,0,2,0,0,4,0,0,4,0,0,,,,,,,,0,2,5,0,2,7,0
2015,500000200119,Central Vermont Career Center,Vermont,Spaulding UHSD #41,5641,"Town, distant",High,Vocational school,Not applicable,0,,,,,,,,,Missing/not reported,Missing/not reported,Missing/not reported,Missing/not reported,Missing/not reported,Missing/not reported,Missing/not reported,Missing/not reported,Missing/not reported,0,-2,-2,-2,-1,-1,Not applicable,,,,,Not applicable,Not applicable,Not applicable,Not applicable,Not applicable,0,0,0,0,0,0,,,,,,,,,,,,,,0
2015,500000200419,Spaulding UHSD #41,Vermont,Spaulding UHSD #41,5641,"Town, distant",High,Regular school,Not applicable,661,171,45,49,47,171,25,29,27,86,31,13,0,0,0,Missing/not reported,0,0,0,142,-2,44,-1,-1,4733010,164,89,85,87,0,1,0,0,0,0,0,0,0,2,0,177,114,89,22,155,41,142,0,4,0,0,2,0,72
2015,500000300461,Lakeview USD #43,Vermont,Lakeview USD #43,5841,"Rural, remote",Primary,Regular school,Not applicable,89,47,30,39,34.5,47,30,39,34.5,0,0,2,0,0,0,Missing/not reported,0,0,0,4,-2,2,-1,-1,496013,,,,,0,0,0,0,0,0,0,0,0,0,0,,,,,,,,0,30,0,0,0,0,0
2015,500000500251,Woodside Juvenile Rehabilitation Center,Vermont,Woodside Juvenile Rehabilitation Center,5446,"Suburb, midsize",High,Other/alternative school,Not applicable,16,,,,,,,,,Missing/not reported,0,0,0,Missing/not reported,0,Missing/not reported,Missing/not reported,Missing/not reported,0,0,-2,0,-1,-1,498021,,,,,0,0,0,0,0,0,0,0,0,0,0,8,,,,2,,2,12,93,116,7,13,19,0
2015,500000600120,Essex Community Education Center UHSD #46,Vermont,Essex Community Education Center,5452,"Suburb, midsize",High,Regular school,Not applicable,1217,278,72,72,72,281,52,52,52,2,50,14,0,0,0,Missing/not reported,0,0,0,298,-2,73,-1,-1,7387284,307,90,90,90,4,3,0,4,0,0,4,5,0,4,4,291,228,143,14,225,159,276,0,128,0,0,2,0,331
2015,500000600122,The Center for Technology - Essex,Vermont,Essex Community Education Center,5452,"Suburb, midsize",High,Vocational school,Not applicable,0,,,,,,,,,0,0,0,0,0,0,Missing/not reported,0,0,0,0,-2,0,-1,-1,3068886,,,,,0,0,0,0,0,0,0,0,0,0,0,,4,29,2,35,10,10,0,0,0,0,0,0,0
2015,500000800130,Thatcher Brook Primary School USD #45,Vermont,Duxbury/Waterbury Union #45,5676,"Town, distant",Primary,Regular school,Not applicable,454,135,65,69,67,135,60,64,62,0,0,0,0,0,0,Missing/not reported,0,0,0,0,0,0,-1,-1,2128545,,,,,1,1,0,0,1,0,0,0,0,2,2,,,,,,,,0,0,0,0,0,0,0
2015,500000800146,Crossett Brook Middle School USD #45,Vermont,Duxbury/Waterbury Union #45,5676,"Rural, fringe",Middle,Regular school,Not applicable,254,251,61,61,61,250,37,37,37,0,4,0,0,0,0,Missing/not reported,0,0,0,5,-2,0,-1,-1,1868227,,,,,0,0,0,0,0,0,0,0,0,0,0,,,,,,,,0,0,0,0,0,0,0
2015,500000900177,Mettawee Community School USD #47,Vermont,Mettawee Community School,5775,"Rural, fringe",Primary,Regular school,Not applicable,193,97,60,64,62,97,45,49,47,0,0,0,0,0,0,Missing/not reported,0,0,0,0,0,0,-1,-1,1278569,,,,,0,0,0,0,0,0,0,0,0,0,0,,,,,,,,0,0,0,0,0,0,0
2015,500002100099,Patricia A. Hannaford Career Center,Vermont,Patricia Hannaford Career Center School District,5753,"Town, distant",High,Vocational school,Not applicable,0,,,,,,,,,,,,,,,,,,,,,,,,,,,,,,,,,,,,,,,,,,,,,,,,,,,,,
2015,500002200103,Southwest Vermont Career Development Center,Vermont,Southwest Vermont Career Development Center,5201,"Town, distant",High,Vocational school,Not applicable,0,,,,,,,,,,,,,,,,,,,,,,,,,,,,,,,,,,,,,,,,,,,,,,,,,,,,,
2015,500002400131,Samuel Morey Elementary School,Vermont,Rivendell Interstate School District,5045,"Rural, remote",Primary,Regular school,Not applicable,187,105,55,59,57,104,60,64,62,4,4,4,0,0,0,Missing/not reported,0,0,0,8,0,5,-1,-1,623627,,,,,0,1,3,0,0,0,0,0,2,2,0,,,,,,,,0,2,0,0,0,0,0
2015,500002400180,Rivendell Academy,Vermont,Rivendell Interstate School District,3777,"Rural, remote",High,Regular school,Not applicable,198,79,55,59,57,78,40,44,42,11,9,4,0,0,0,Missing/not reported,0,4,0,42,-2,12,-1,-1,1060546,39,89,80,84,10,2,2,0,0,5,2,7,2,2,10,78,24,27,,18,43,39,0,0,0,0,0,0,39
2015,500002400250,Westshire Elementary School,Vermont,Rivendell Interstate School District,5083,"Rural, remote",Primary,Regular school,Not applicable,109,27,60,79,69.5,27,60,79,69.5,6,0,2,0,0,0,Missing/not reported,0,0,0,4,0,1,-1,-1,361047,,,,,0,0,0,0,0,0,0,0,0,0,0,,,,,,,,0,0,0,0,0,0,0
2015,500002500205,Bellows Free Academy UHSD #48,Vermont,Bellows Free Academy UHSD #48,5478,"Town, distant",High,Regular school,Not applicable,935,226,45,45,45,223,43,43,43,21,9,40,0,0,0,Missing/not reported,0,24,0,186,-2,36,-1,-1,7401199,264,89,89,89,18,4,1,3,0,2,4,35,2,4,15,280,179,277,72,237,133,177,0,0,0,0,0,0,237
2015,500002500215,Northwest Technical Center,Vermont,Bellows Free Academy UHSD #48,5478,"Town, distant",High,Vocational school,Not applicable,0,,,,,,,,,,,,,,,,,,,,,,,,,,,,,,,,,,,,,,,,,,,,,,,,,,,,,
2015,500002600138,Grafton Elementary School,Vermont,Athens/Grafton Contract School District,5146,"Rural, distant",Primary,Regular school,Not applicable,104,60,40,49,44.5,60,40,49,44.5,5,4,0,0,0,0,Missing/not reported,0,0,0,2,-2,5,-1,-1,349018,,,,,0,0,0,0,0,0,0,0,0,0,0,,,,,,,,0,0,0,0,0,0,0
2015,500002700188,Twin Valley High School,Vermont,Whitingham/Wilmington Joint School District,5363,"Rural, distant",High,Regular school,Not applicable,139,35,50,59,54.5,35,30,39,34.5,17,11,4,0,0,0,Missing/not reported,0,0,0,19,-2,5,-1,-1,835272,27,100,80,90,1,0,0,0,0,0,0,0,0,0,4,10,18,13,4,22,4,13,0,0,0,0,0,0,30
2015,500002700194,Twin Valley Middle School,Vermont,Whitingham/Wilmington Joint School District,5342,"Rural, distant",Middle,Regular school,Not applicable,94,91,50,54,52,93,30,34,32,0,0,0,0,0,0,Missing/not reported,0,0,0,0,-2,2,-1,-1,835272,,,,,0,0,0,0,0,0,0,0,0,0,0,,,,,,,,0,0,0,0,0,0,0
2015,500002700382,Twin Valley Elementary School,Vermont,Whitingham/Wilmington Joint School District,5363,"Rural, distant",Primary,Regular school,Not applicable,209,93,50,54,52,93,40,44,42,10,0,0,0,0,0,Missing/not reported,0,0,0,0,0,0,-1,-1,1180992,,,,,0,1,0,0,0,0,2,0,0,0,0,,,,,,,,0,2,0,0,2,0,0
2015,500037100097,River Valley Technical Center,Vermont,River Valley Technical Center,5156,"Town, remote",High,Vocational school,Not applicable,0,,,,,,,,,,,,,,,,,,,,,,,,,,,,,,,,,,,,,,,,,,,,,,,,,,,,,
2015,500037400537,Newbrook Elementary School,Vermont,Brookline/Newfane Joint School Contract,5345,"Rural, distant",Primary,Regular school,Not applicable,151,79,60,64,62,79,40,44,42,23,0,0,0,0,0,Missing/not reported,0,0,0,0,-2,0,-1,-1,705031,,,,,0,0,1,1,0,0,0,0,2,0,0,,,,,,,,0,1,0,0,2,0,0
2015,500038600337,Flood Brook USD #301,Vermont,Mountain Towns Regional Education District USD #301,5148,"Rural, remote",Primary,Regular school,Not applicable,323,176,65,69,67,176,50,54,52,0,0,0,0,0,0,Missing/not reported,0,0,0,0,-2,0,-1,-1,1746609,,,,,0,0,0,0,0,0,0,0,0,0,0,,,,,,,,0,0,0,0,0,0,0
2015,500038700038,Smilie Memorial Elementary School,Vermont,Mount Mansfield Modified USD #401A,5676,"Rural, distant",Primary,Regular school,Not applicable,91,23,60,79,69.5,23,80,100,90,0,0,0,0,0,0,Missing/not reported,0,0,0,0,0,0,-1,-1,504295,,,,,0,0,0,0,0,0,0,0,0,0,0,,,,,,,,0,0,0,0,0,0,0
2015,500038700167,Jericho Elementary School,Vermont,Mount Mansfield Modified USD #401A,5465,"Suburb, midsize",Primary,Regular school,Not applicable,291,103,55,59,57,103,75,79,77,0,0,0,0,0,0,Missing/not reported,0,0,0,0,-2,0,-1,-1,1566472,,,,,0,0,0,0,0,0,0,0,0,0,0,,,,,,,,0,0,0,0,0,0,0
2015,500038700258,Richmond Elementary School,Vermont,Mount Mansfield Modified USD #401A,5477,"Rural, fringe",Primary,Regular school,Not applicable,300,99,70,74,72,100,65,69,67,0,0,0,0,0,0,Missing/not reported,0,0,0,0,0,0,-1,-1,1759561,,,,,0,0,0,0,0,0,0,0,0,0,0,,,,,,,,0,5,0,0,7,0,0
2015,500038700332,Underhill Graded School,Vermont,Mount Mansfield Modified USD #401A,5465,"Rural, fringe",Primary,Regular school,Not applicable,121,36,60,69,64.5,36,40,49,44.5,0,0,0,0,0,0,Missing/not reported,0,0,0,0,-2,0,-1,-1,584747,,,,,0,0,0,0,0,0,0,0,0,0,0,,,,,,,,0,2,0,0,2,0,0
2015,500038700333,Underhill Central School,Vermont,Mount Mansfield Modified USD #401A,5490,"Rural, fringe",Primary,Regular school,Not applicable,133,50,90,100,95,50,80,89,84.5,0,0,0,0,0,0,Missing/not reported,0,0,0,0,0,0,-1,-1,816829,,,,,1,0,0,0,0,0,0,0,0,0,2,,,,,,,,0,0,0,0,0,0,0
2015,500038800210,Mt. Mansfield USD #17,Vermont,Mount Mansfield Modified USD #401B,5465,"Rural, fringe",High,Regular school,Not applicable,790,206,78,78,78,205,60,60,60,0,18,2,0,0,0,Missing/not reported,0,0,0,85,-2,20,-1,-1,4151752,182,94,90,92,3,4,0,0,0,0,6,2,0,6,2,206,140,117,59,141,64,158,0,0,0,0,0,0,119
2015,500038800398,Browns River Middle USD #17,Vermont,Mount Mansfield Modified USD #401B,5465,"Rural, fringe",Middle,Regular school,Not applicable,411,391,66,66,66,391,61,61,61,14,10,4,0,0,0,Missing/not reported,0,0,0,18,-2,8,-1,-1,2452398,,,,,0,1,0,0,0,0,2,0,0,2,0,,,,,,,,0,0,0,0,0,0,0
2015,500038800399,Camels Hump Middle USD #17,Vermont,Mount Mansfield Modified USD #401B,5477,"Rural, fringe",Middle,Regular school,Not applicable,342,337,75,75,75,337,63,63,63,16,0,4,0,0,0,Missing/not reported,0,2,0,7,-2,2,-1,-1,2134409,,,,,0,1,0,0,0,0,0,0,0,2,0,,,,,,,,0,319,0,0,2,0,0
2015,500038900538,Prosper Valley School,Vermont,Bridgewater/Pomfret Joint Contract School District,5067,"Rural, distant",Primary,Regular school,Not applicable,82,52,60,69,64.5,52,50,59,54.5,0,0,0,0,0,0,Missing/not reported,0,0,0,0,-2,0,-1,-1,486594,,,,,0,0,0,0,0,0,0,0,0,0,0,,,,,,,,0,0,0,0,0,0,0
2015,500171000001,Addison Central School,Vermont,Addison School District,5491,"Rural, distant",Primary,Regular school,Not applicable,76,40,60,69,64.5,40,50,59,54.5,0,0,0,0,0,0,Missing/not reported,0,0,0,0,-2,0,-1,-1,356925,,,,,5,3,2,5,0,2,4,7,2,4,7,,,,,,,,0,0,0,0,0,0,0
2015,500174000420,Albany Community School,Vermont,Albany School District,5820,"Rural, remote",Primary,Regular school,Not applicable,93,49,50,59,54.5,49,40,49,44.5,2,0,0,0,0,0,Missing/not reported,0,0,0,0,0,0,-1,-1,136094,,,,,1,0,0,0,0,0,0,2,0,0,2,,,,,,,,0,0,0,0,0,0,0
2015,500177000004,Alburg Community Education Center,Vermont,Alburg School District,5440,"Rural, distant",Primary,Regular school,Not applicable,197,119,60,64,62,119,35,39,37,8,4,2,0,4,0,Missing/not reported,0,2,2,10,0,8,-1,-1,1144920,,,,,0,0,0,0,0,0,0,0,0,0,0,,,,,,,,0,14,6,0,0,0,0
2015,500183000005,Arlington Memorial,Vermont,Arlington School District,5250,"Rural, distant",Other,Regular school,Not applicable,213,126,45,49,47,123,20,24,22,16,4,6,0,0,0,Missing/not reported,0,0,0,8,-2,0,-1,-1,1257166,23,100,80,90,0,0,0,1,0,0,0,0,0,0,0,26,19,31,15,21,11,28,0,0,0,0,0,0,19
2015,500183000006,Fisher School,Vermont,Arlington School District,5250,"Rural, distant",Primary,Regular school,Not applicable,197,84,40,44,42,84,30,34,32,0,0,0,0,0,0,Missing/not reported,0,0,0,0,0,0,-1,-1,919234,,,,,1,0,0,0,0,0,0,2,0,0,2,,,,,,,,0,5,0,0,5,0,0
2015,500189000009,Bakersfield School,Vermont,Bakersfield School District,5441,"Rural, distant",Primary,Regular school,Not applicable,154,87,60,64,62,87,45,49,47,2,0,0,0,0,0,Missing/not reported,0,0,0,0,0,0,-1,-1,668080,,,,,1,0,0,0,0,0,0,2,0,0,2,,,,,,,,0,0,0,0,0,0,0
2015,500195000011,Barnard Academy,Vermont,Barnard School District,5031,"Rural, remote",Primary,Regular school,Not applicable,74,29,60,79,69.5,29,60,79,69.5,0,0,0,0,0,0,Missing/not reported,0,0,0,0,0,0,-1,-1,348453,,,,,0,0,0,0,0,0,0,0,0,0,0,,,,,,,,0,1,0,0,2,0,0
2015,500198000421,Barnet Elementary School,Vermont,Barnet School District,5821,"Rural, distant",Primary,Regular school,Not applicable,213,115,40,44,42,115,35,39,37,11,14,7,0,0,0,Missing/not reported,0,0,0,28,0,9,-1,-1,1263066,,,,,3,0,0,3,0,0,0,4,0,0,4,,,,,,,,0,0,0,0,0,0,0
2015,500201000055,Barre City Elementary/Middle School,Vermont,Barre City School District,5641,"Rural, fringe",Primary,Regular school,Not applicable,880,489,45,45,45,488,43,43,43,22,4,10,0,0,0,Missing/not reported,0,0,0,127,0,63,-1,-1,5077529,,,,,12,1,3,0,0,0,4,4,2,2,13,,,,,,,,0,1,1,0,4,4,0
2015,500204000024,Barre Town Elementary School,Vermont,Barre Town School District,5641,"Town, distant",Primary,Regular school,Not applicable,834,500,65,65,65,500,52,52,52,0,7,2,0,9,0,Missing/not reported,0,0,0,9,0,0,-1,-1,4175959,,,,,0,1,0,0,0,0,2,0,0,2,0,,,,,,,,0,13,0,0,10,0,0
2015,500207000025,Barton Graded School,Vermont,Barton Incorporated School District,5822,"Rural, remote",Primary,Regular school,Not applicable,172,84,45,49,47,84,45,49,47,9,6,4,0,2,0,Missing/not reported,0,0,2,24,0,15,-1,-1,717461,,,,,0,1,0,1,0,0,4,0,0,4,0,,,,,,,,0,8,7,0,2,2,0
2015,500213000028,Bennington Elementary School,Vermont,Bennington Incorporated School District,5201,"Town, distant",Primary,Regular school,Not applicable,322,114,25,29,27,114,20,24,22,16,4,15,0,0,0,Missing/not reported,0,0,0,45,-2,45,-1,-1,1578889,,,,,0,0,0,0,0,0,0,0,0,0,0,,,,,,,,0,0,0,0,0,0,0
2015,500213000031,Molly Stark School,Vermont,Bennington Incorporated School District,5201,"Town, distant",Primary,Regular school,Not applicable,474,194,35,39,37,195,25,29,27,4,11,5,0,2,0,Missing/not reported,0,0,2,18,0,21,-1,-1,1841452,,,,,0,0,0,0,0,0,0,0,0,0,0,,,,,,,,0,37,1,0,9,2,0
2015,500213000032,Monument School,Vermont,Bennington Incorporated School District,5201,"Town, distant",Primary,Regular school,Not applicable,147,74,55,59,57,74,60,64,62,4,0,2,0,0,0,Missing/not reported,0,2,0,20,-2,1,-1,-1,665903,,,,,0,0,0,0,0,0,0,0,0,0,0,,,,,,,,0,9,11,0,4,6,0
2015,500216000033,Benson Village School,Vermont,Benson School District,5743,"Rural, distant",Primary,Regular school,Not applicable,96,61,55,59,57,61,35,39,37,4,2,4,0,0,0,Missing/not reported,0,0,0,12,0,12,-1,-1,333000,,,,,2,0,1,0,0,0,0,4,2,0,2,,,,,,,,0,0,0,0,2,0,0
2015,500219000034,Berkshire Elementary School,Vermont,Berkshire School District,5476,"Rural, remote",Primary,Regular school,Not applicable,224,150,55,59,57,150,40,44,42,2,0,0,0,0,0,Missing/not reported,0,0,0,0,0,0,-1,-1,570250,,,,,8,0,0,0,0,0,0,2,0,0,7,,,,,,,,0,1,2,0,2,4,0
2015,500222000035,Berlin Elementary School,Vermont,Berlin School District,5602,"Rural, fringe",Primary,Regular school,Not applicable,198,95,45,49,47,95,20,24,22,9,0,0,0,0,0,Missing/not reported,0,0,0,0,0,0,-1,-1,1333662,,,,,2,1,0,0,0,0,2,4,0,2,4,,,,,,,,0,92,10,0,6,2,0
2015,500225000036,Bethel Elementary School,Vermont,Bethel School District,5032,"Rural, remote",Primary,Regular school,Not applicable,174,72,40,44,42,72,45,49,47,4,2,4,0,0,0,Missing/not reported,0,0,0,6,0,3,-1,-1,699472,,,,,0,0,0,0,0,0,0,0,0,0,0,,,,,,,,0,0,0,0,2,0,0
2015,500225000037,Whitcomb Junior/Senior High School,Vermont,Bethel School District,5032,"Rural, remote",High,Regular school,Not applicable,113,51,40,49,44.5,51,20,29,24.5,10,2,0,0,0,0,Missing/not reported,0,0,0,8,-2,0,-1,-1,439453,22,100,80,90,7,2,0,0,0,0,4,7,0,2,7,22,,,,13,16,2,0,0,0,0,0,0,16
2015,500234000039,Bradford Elementary School,Vermont,Bradford Incorporated School District,5033,"Rural, remote",Primary,Regular school,Not applicable,258,118,45,49,47,118,35,39,37,7,2,0,0,0,0,Missing/not reported,0,0,0,2,0,0,-1,-1,816816,,,,,0,0,0,0,0,0,0,0,0,0,0,,,,,,,,0,0,0,0,0,0,0
2015,500237000422,Braintree School,Vermont,Braintree School District,5060,"Rural, remote",Primary,Regular school,Not applicable,82,39,70,79,74.5,38,30,39,34.5,5,6,4,0,0,0,Missing/not reported,0,0,0,10,-2,7,-1,-1,374686,,,,,0,0,0,0,0,0,0,0,0,0,0,,,,,,,,0,0,0,0,0,0,0
2015,500240000042,Randolph UHSD #2,Vermont,Randolph UHSD #2,5060,"Rural, remote",High,Regular school,Not applicable,423,183,30,34,32,185,20,24,22,15,24,15,0,0,0,Missing/not reported,0,4,0,108,-2,39,-1,-1,2203455,76,100,95,97,7,1,0,0,0,0,4,5,0,4,10,100,32,24,9,29,15,37,0,0,0,0,0,0,57
2015,500240000098,Randolph Technical Career Center,Vermont,Randolph UHSD #2,5060,"Rural, remote",High,Vocational school,Not applicable,0,,,,,,,,,4,8,4,0,0,0,Missing/not reported,0,0,0,9,-2,13,-1,-1,230022,,,,,1,3,0,1,0,0,2,4,0,4,4,,,,,2,,,0,0,0,0,0,0,0
2015,500248000411,Neshobe School,Vermont,Brandon School District,5733,"Rural, remote",Primary,Regular school,Not applicable,406,202,36,36,36,201,31,31,31,0,4,0,0,0,0,Missing/not reported,0,0,0,5,0,4,-1,-1,1752750,,,,,1,0,0,0,0,0,0,2,0,0,2,,,,,,,,0,0,0,0,0,0,0
2015,500249000056,Canal Street/Oak Grove Schools,Vermont,Brattleboro School District,5301,"Town, distant",Primary,Regular school,Not applicable,278,70,65,69,67,70,60,64,62,8,2,4,0,0,0,Missing/not reported,0,0,0,15,-2,12,-1,-1,707690,,,,,0,0,0,0,0,0,0,0,0,0,0,,,,,,,,0,4,0,0,9,0,0
2015,500249000061,Green Street School,Vermont,Brattleboro School District,5301,"Town, distant",Primary,Regular school,Not applicable,224,117,40,44,42,117,40,44,42,0,2,4,0,0,0,Missing/not reported,0,0,0,18,-2,9,-1,-1,1251551,,,,,0,0,0,0,0,0,0,0,0,0,0,,,,,,,,0,3,0,0,4,0,0
2015,500249000079,Academy School (Brattleboro),Vermont,Brattleboro School District,5301,"Town, distant",Primary,Regular school,Not applicable,373,199,65,69,67,200,55,59,57,11,4,2,0,4,0,Missing/not reported,0,0,0,12,-2,5,-1,-1,1741805,,,,,2,0,0,2,0,0,0,2,0,0,2,,,,,,,,0,31,0,0,9,0,0
2015,500252000051,Brattleboro Senior UHSD #6,Vermont,Brattleboro UHSD #6,5301,"Town, distant",High,Regular school,Not applicable,752,179,50,54,52,178,25,29,27,46,34,30,0,0,0,Missing/not reported,0,31,0,60,-2,178,-1,-1,3355244,204,83,83,83,9,1,1,0,1,0,0,6,2,2,10,190,91,87,20,142,50,122,0,0,0,0,0,0,191
2015,500252000102,Windham Regional Career Center,Vermont,Brattleboro UHSD #6,5301,"Town, distant",High,Vocational school,Not applicable,0,,,,,,,,,,,,,,,,,,,,,,,,,,,,,,,,,,,,,,,,,,,,,,,,,,,,,
2015,500252000485,Brattleboro Area Middle School,Vermont,Brattleboro UHSD #6,5301,"Town, distant",Middle,Regular school,Not applicable,321,313,61,61,61,313,50,50,50,36,8,13,0,0,0,Missing/not reported,0,2,0,66,-2,20,-1,-1,1602378,,,,,15,4,1,1,1,2,8,15,2,8,12,,,,,,,,0,0,0,0,0,0,0
2015,500255000052,Bridport Central School,Vermont,Bridport School District,5734,"Rural, distant",Primary,Regular school,Not applicable,71,32,50,59,54.5,32,30,39,34.5,2,4,2,0,0,0,Missing/not reported,0,0,0,4,0,4,-1,-1,344755,,,,,0,0,0,0,0,0,0,0,0,0,0,,,,,,,,0,0,0,0,0,0,0
2015,500258000053,Bridgewater Village School,Vermont,Bridgewater School District,5034,"Rural, remote",Not applicable,Regular school,Not applicable,,,,,,,,,,,,,,,,,,,,,,,,,,,,,,,,,,,,,,,,,,,,,,,,,,,,,,
2015,500261000054,Brighton Elementary School,Vermont,Brighton School District,5846,"Rural, remote",Primary,Regular school,Not applicable,93,33,20,29,24.5,34,0,10,5,4,7,9,0,0,0,Missing/not reported,0,0,0,38,0,28,-1,-1,453199,,,,,0,0,0,0,0,0,0,0,0,0,0,,,,,,,,0,4,1,0,6,2,0
2015,500264000423,Bristol Elementary School,Vermont,Bristol School District,5443,"Rural, distant",Primary,Regular school,Not applicable,317,165,55,59,57,164,30,34,32,6,18,4,0,0,0,Missing/not reported,0,0,0,24,0,36,-1,-1,1305466,,,,,0,2,0,0,0,0,2,0,0,2,0,,,,,,,,0,1,0,0,4,0,0
2015,500267000057,Brookfield School,Vermont,Brookfield School District,5036,"Rural, distant",Primary,Regular school,Not applicable,59,28,60,79,69.5,28,40,59,49.5,0,0,0,0,2,0,Missing/not reported,0,0,0,0,0,1,-1,-1,310705,,,,,0,0,0,0,0,0,0,0,0,0,0,,,,,,,,0,1,0,0,2,0,0
2015,500273000059,Brownington Central School,Vermont,Brownington School District,5860,"Rural, distant",Primary,Regular school,Not applicable,112,71,65,69,67,71,55,59,57,6,6,0,0,0,0,Missing/not reported,0,0,0,12,-2,4,-1,-1,424380,,,,,1,0,1,0,0,2,0,2,2,0,2,,,,,,,,0,0,0,0,0,0,0
2015,500279000424,Burke Town School,Vermont,Burke School District,5871,"Rural, distant",Primary,Regular school,Not applicable,210,125,65,69,67,125,60,64,62,0,2,12,0,0,0,0,0,0,0,28,0,11,0,0,1067822,,,,,0,0,0,1,0,0,0,0,0,0,0,,,,,,,,0,3,0,0,2,0,0
2015,500282000063,Burlington Senior High School,Vermont,Burlington School District,5408,"City, small",High,Regular school,Not applicable,1048,205,49,49,49,204,36,36,36,59,10,19,0,0,0,Missing/not reported,6,13,0,111,-2,44,-1,-1,6244582,289,80,80,80,0,4,0,1,0,0,4,0,0,2,0,260,233,161,50,149,221,152,0,1,17,0,2,4,176
2015,500282000064,C. P. Smith School,Vermont,Burlington School District,5401,"City, small",Primary,Regular school,Not applicable,282,133,55,59,57,133,45,49,47,8,8,0,0,0,0,Missing/not reported,0,0,0,4,0,3,-1,-1,1698453,,,,,2,2,0,0,0,0,2,4,0,2,2,,,,,,,,0,4,3,0,4,6,0
2015,500282000065,Champlain School,Vermont,Burlington School District,5401,"City, small",Primary,Regular school,Not applicable,615,130,70,74,72,130,55,59,57,0,8,4,0,0,0,Missing/not reported,0,0,0,22,-2,10,-1,-1,1970798,,,,,0,2,0,0,0,0,2,0,0,2,0,,,,,,,,0,0,6,0,0,4,0
2015,500282000066,Edmunds Middle School,Vermont,Burlington School District,5401,"City, small",Middle,Regular school,Not applicable,406,385,62,62,62,390,50,50,50,32,14,6,0,0,0,Missing/not reported,4,4,0,41,-2,22,-1,-1,2788258,,,,,2,0,0,0,0,0,0,4,0,0,2,,,,,,,,0,9,0,0,4,2,0
2015,500282000068,J. J. Flynn School,Vermont,Burlington School District,5401,"City, small",Primary,Regular school,Not applicable,373,181,45,49,47,182,45,49,47,8,12,2,0,0,0,Missing/not reported,0,0,0,19,0,14,-1,-1,2042039,,,,,0,2,0,0,0,0,4,0,0,4,0,,,,,,,,0,10,10,0,6,7,0
2015,500282000069,Sustainability Academy at Lawrence Barnes,Vermont,Burlington School District,5401,"City, small",Primary,Regular school,Not applicable,217,80,45,49,47,80,40,44,42,8,6,8,0,0,0,Missing/not reported,0,0,0,14,0,13,-1,-1,1510306,,,,,0,1,0,0,0,0,2,0,0,2,0,,,,,,,,0,0,1,0,0,2,0
2015,500282000070,Lyman C. Hunt Middle School,Vermont,Burlington School District,5401,"City, small",Middle,Regular school,Not applicable,383,349,46,46,46,352,34,34,34,39,26,10,0,0,0,Missing/not reported,0,4,0,96,-2,64,-1,-1,2836978,,,,,2,0,0,0,0,0,0,2,0,0,4,,,,,,,,0,2,89,0,0,4,0
2015,500282000071,Edmunds Elementary School,Vermont,Burlington School District,5401,"City, small",Primary,Regular school,Not applicable,340,174,60,64,62,174,55,59,57,4,6,2,0,0,0,Missing/not reported,0,0,0,14,-2,5,-1,-1,2129438,,,,,0,1,1,0,0,0,0,0,2,2,0,,,,,,,,0,5,6,0,6,6,0
2015,500282000073,Integrated Arts Academy at H. O. Wheeler,Vermont,Burlington School District,5401,"City, small",Primary,Regular school,Not applicable,293,121,45,49,47,130,30,34,32,10,8,8,0,0,0,Missing/not reported,0,2,0,32,0,15,-1,-1,1752614,,,,,3,0,0,1,0,0,0,11,0,0,13,,,,,,,,0,15,6,0,2,2,0
2015,500282000080,Burlington Technical Center,Vermont,Burlington School District,5401,"City, small",High,Vocational school,Not applicable,0,,,,,,,,,,,,,,,,,,,,,,,,,,,,,,,,,,,,,,,,,,,,,,,,,,,,,
2015,500285000074,Cabot School,Vermont,Cabot School District,5647,"Rural, remote",Other,Regular school,Not applicable,172,75,45,49,47,75,30,34,32,8,4,8,0,0,0,Missing/not reported,0,0,0,11,0,3,-1,-1,1017825,16,100,80,90,0,0,0,0,0,0,0,0,0,0,0,49,21,6,15,53,15,15,0,22,1,0,7,2,16
2015,500288000076,Calais Elementary School,Vermont,Calais School District,5667,"Rural, distant",Primary,Regular school,Not applicable,128,65,70,74,72,65,55,59,57,0,2,0,0,0,0,Missing/not reported,0,0,0,5,0,1,-1,-1,1025476,,,,,0,0,0,0,0,0,0,0,0,0,0,,,,,,,,0,15,10,0,6,4,0
2015,500291000077,Cambridge Elementary School,Vermont,Cambridge School District,5464,"Rural, distant",Primary,Regular school,Not applicable,360,184,60,64,62,184,45,49,47,6,4,2,0,0,0,Missing/not reported,0,0,0,5,0,5,-1,-1,1747880,,,,,3,2,2,0,0,4,2,2,2,2,4,,,,,,,,0,41,62,0,5,7,0
2015,500294000426,Canaan Schools,Vermont,Canaan School District,5903,"Rural, remote",Other,Regular school,Not applicable,195,88,55,59,57,88,45,49,47,7,13,0,0,0,0,Missing/not reported,0,0,0,12,0,10,-1,-1,940217,26,100,80,90,0,0,0,0,0,0,0,0,0,0,0,,,,6,25,6,16,0,3,0,0,4,0,10
2015,500301000081,Cavendish Town Elementary School,Vermont,Cavendish School District,5153,"Rural, distant",Primary,Regular school,Not applicable,117,59,60,69,64.5,59,70,79,74.5,2,7,0,0,0,0,Missing/not reported,0,0,0,6,-2,6,-1,-1,538108,,,,,0,0,0,0,0,0,0,0,0,0,0,,,,,,,,0,0,0,0,0,0,0
2015,500303000082,Champlain Valley UHSD #15,Vermont,Champlain Valley UHSD #15,5461,"Rural, distant",High,Regular school,Not applicable,1208,289,77,77,77,291,55,55,55,2,11,4,2,4,0,Missing/not reported,2,6,0,59,-2,16,-1,-1,6780225,309,96,96,96,16,2,0,0,0,0,0,18,0,2,2,789,299,322,92,228,208,248,0,0,0,0,0,0,319
2015,500306000083,Charleston Elementary School,Vermont,Charleston School District,5872,"Rural, distant",Primary,Regular school,Not applicable,114,63,70,74,72,63,45,49,47,4,4,0,4,0,0,Missing/not reported,0,0,0,5,0,4,-1,-1,768376,,,,,0,0,0,0,0,0,0,0,0,0,0,,,,,,,,0,0,0,0,0,0,0
2015,500309000084,Charlotte Central School,Vermont,Charlotte School District,5445,"Rural, fringe",Primary,Regular school,Not applicable,423,261,76,76,76,262,68,68,68,9,2,4,0,0,0,Missing/not reported,0,0,0,4,0,5,-1,-1,2304867,,,,,0,0,2,0,0,4,0,0,4,0,0,,,,,,,,0,2,0,0,6,2,0
2015,500312000085,Chelsea Elementary High School,Vermont,Chelsea School District,5038,"Rural, distant",Other,Regular school,Not applicable,193,74,45,49,47,74,50,54,52,6,4,2,0,0,0,Missing/not reported,0,0,0,16,0,8,-1,-1,897014,18,100,80,90,0,0,0,0,0,0,0,0,0,0,0,10,6,7,2,6,2,15,0,0,0,0,0,0,10
2015,500321000086,Clarendon Elementary School,Vermont,Clarendon School District,5759,"Town, distant",Primary,Regular school,Not applicable,180,85,35,39,37,86,25,29,27,2,0,0,0,0,0,Missing/not reported,0,0,0,0,0,0,-1,-1,898586,,,,,0,1,0,0,0,0,2,0,0,2,0,,,,,,,,0,0,0,0,0,0,0
2015,500324000087,Colchester High School,Vermont,Colchester School District,5446,"Rural, fringe",High,Regular school,Not applicable,731,185,70,74,72,188,50,54,52,24,9,18,0,0,0,Missing/not reported,6,6,0,68,-2,29,-1,-1,3223230,187,89,85,87,1,1,0,0,0,0,2,2,0,2,2,224,214,316,32,77,181,140,0,0,0,0,0,0,113
2015,500324000088,Colchester Middle School,Vermont,Colchester School District,5446,"Suburb, midsize",Middle,Regular school,Not applicable,424,420,61,61,61,421,46,46,46,20,6,4,0,0,0,Missing/not reported,0,0,0,14,-2,17,-1,-1,2240228,,,,,36,15,0,38,2,0,10,0,0,28,10,,,,,,,,0,0,0,0,0,0,0
2015,500324000090,Malletts Bay School,Vermont,Colchester School District,5446,"Suburb, midsize",Primary,Regular school,Not applicable,677,470,63,63,63,471,69,69,69,5,4,2,0,0,0,Missing/not reported,0,2,0,8,0,7,-1,-1,1704827,,,,,0,0,0,0,0,0,0,0,0,0,0,,,,,,,,0,8,22,0,4,10,0
2015,500324000091,Porters Point School,Vermont,Colchester School District,5446,"Suburb, midsize",Primary,Regular school,Not applicable,253,,,,,,,,,0,0,0,0,0,0,Missing/not reported,0,0,0,0,-2,0,-1,-1,992436,,,,,0,0,0,0,0,0,0,0,0,0,0,,,,,,,,0,1,1,0,2,2,0
2015,500324000092,Union Memorial School,Vermont,Colchester School District,5446,"Suburb, midsize",Primary,Regular school,Not applicable,250,,,,,,,,,4,2,2,0,0,0,Missing/not reported,0,0,0,4,-2,3,-1,-1,1009047,,,,,0,0,0,0,0,0,0,0,0,0,0,,,,,,,,0,7,22,0,4,9,0
2015,500327000427,Concord Graded/Middle School,Vermont,Concord School District,5824,"Rural, distant",Primary,Regular school,Not applicable,146,94,20,24,22,93,20,24,22,11,6,0,0,4,0,Missing/not reported,0,0,2,9,0,8,-1,-1,789851,,,,,0,0,0,0,0,0,0,0,0,0,0,,,,,,,,0,0,0,0,0,0,0
2015,500333000095,Bingham Memorial School,Vermont,Corwall School District,5753,"Rural, fringe",Primary,Regular school,Not applicable,81,45,80,89,84.5,45,80,89,84.5,0,2,2,0,0,0,Missing/not reported,0,0,0,5,-2,5,-1,-1,506993,,,,,0,0,0,0,0,0,0,0,0,0,0,,,,,,,,0,0,0,0,0,0,0
2015,500336000096,Coventry Village School,Vermont,Coventry School District,5825,"Rural, distant",Primary,Regular school,Not applicable,132,77,60,64,62,78,40,44,42,0,0,0,0,0,0,Missing/not reported,0,0,0,0,0,0,-1,-1,482760,,,,,0,0,0,0,0,0,0,0,0,0,0,,,,,,,,0,0,0,0,0,0,0
2015,500339000428,Craftsbury Schools,Vermont,Craftsbury School District,5827,"Rural, remote",Other,Regular school,Not applicable,190,89,55,59,57,89,40,44,42,9,4,0,0,0,0,Missing/not reported,0,0,0,2,-2,0,-1,-1,863801,27,100,80,90,0,0,0,0,0,0,0,0,0,0,0,22,19,7,4,10,,16,0,0,0,0,0,0,13
2015,500345000451,Danville School,Vermont,Danville School District,5828,"Rural, distant",Other,Regular school,Not applicable,364,181,55,59,57,182,50,54,52,0,0,0,0,0,0,Missing/not reported,0,0,0,0,0,0,-1,-1,3268518,27,100,80,90,0,0,0,0,0,0,0,0,0,0,0,4,10,10,,13,10,38,0,0,0,0,0,0,7
2015,500348000429,Derby Elementary School,Vermont,Derby School District,5830,"Rural, distant",Primary,Regular school,Not applicable,455,202,44,44,44,202,36,36,36,7,8,4,0,0,0,Missing/not reported,0,0,0,40,0,26,-1,-1,1183711,,,,,7,0,0,0,0,0,0,2,0,0,7,,,,,,,,0,0,0,0,2,0,0
2015,500351000104,Dorset Elementary School,Vermont,Dorset School District,5251,"Rural, remote",Primary,Regular school,Not applicable,216,145,70,74,72,145,65,69,67,0,0,0,0,0,0,Missing/not reported,0,0,0,0,-2,0,-1,-1,1253182,,,,,0,0,0,0,0,0,0,0,0,0,0,,,,,,,,0,0,0,0,0,0,0
2015,500354000105,Dover Elementary School,Vermont,Dover School District,5341,"Rural, distant",Primary,Regular school,Not applicable,103,45,80,89,84.5,45,60,69,64.5,0,0,0,0,0,0,Missing/not reported,0,0,0,0,0,0,-1,-1,498119,,,,,0,0,0,0,0,0,0,0,0,0,0,,,,,,,,0,0,0,0,0,0,0
2015,500357000430,Dummerston Schools,Vermont,Dummerston School District,5346,"Rural, distant",Primary,Regular school,Not applicable,166,101,75,79,77,102,50,54,52,0,0,0,0,0,0,Missing/not reported,0,0,0,0,0,0,-1,-1,888722,,,,,1,1,0,0,0,0,4,4,0,4,4,,,,,,,,0,0,0,0,0,0,0
2015,500369000110,East Montpelier Elementary School,Vermont,East Montpelier School District,5651,"Rural, distant",Primary,Regular school,Not applicable,203,104,65,69,67,104,40,44,42,2,0,0,0,0,0,Missing/not reported,0,0,0,0,0,0,-1,-1,1135235,,,,,3,0,0,0,0,0,0,2,0,0,10,,,,,,,,0,57,1,0,6,4,0
2015,500372000111,Eden Central School,Vermont,Eden School District,5652,"Rural, distant",Primary,Regular school,Not applicable,133,52,50,59,54.5,52,50,59,54.5,4,0,0,0,0,0,Missing/not reported,0,0,0,0,0,0,-1,-1,826274,,,,,0,0,0,0,0,0,0,0,0,0,0,,,,,,,,0,1,0,0,4,0,0
2015,500375000112,Lake Elmore School,Vermont,Elmore School District,5657,"Rural, distant",Primary,Regular school,Not applicable,19,5,Suppressed data,Suppressed data,Suppressed data,5,Suppressed data,Suppressed data,Suppressed data,0,0,0,0,0,0,Missing/not reported,0,0,0,0,-2,0,-1,-1,67645,,,,,0,0,0,0,0,0,0,0,0,0,0,,,,,,,,0,0,0,0,0,0,0
2015,500378000022,Enosburg Falls Junior/Senior High School,Vermont,Enosburgh Town School District,5450,"Rural, remote",Other,Regular school,Not applicable,458,201,41,41,41,200,40,44,42,29,11,11,0,0,0,Missing/not reported,0,0,0,77,-2,27,-1,-1,2637581,81,89,85,87,12,0,0,0,0,0,0,10,0,0,10,70,84,60,18,68,45,87,0,0,0,0,0,0,63
2015,500378000089,Cold Hollow Career Center,Vermont,Enosburgh Town School District,5450,"Rural, remote",High,Vocational school,Not applicable,0,,,,,,,,,,,,,,,,,,,,,,,,,,,,,,,,,,,,,,,,,,,,,,,,,,,,,
2015,500378000113,Enosburg Falls Elementary School,Vermont,Enosburgh Town School District,5450,"Rural, remote",Primary,Regular school,Not applicable,244,87,70,74,72,87,60,64,62,0,0,0,0,0,0,Missing/not reported,0,0,0,0,0,0,-1,-1,951708,,,,,3,0,0,0,0,0,0,4,0,0,4,,,,,,,,0,0,0,0,0,0,0
2015,500381000115,Albert D. Lawton School,Vermont,Essex Junction Incorporated School District,5452,"Suburb, midsize",Middle,Regular school,Not applicable,347,341,73,73,73,343,60,60,60,15,12,12,0,0,0,Missing/not reported,0,0,0,35,-2,22,-1,-1,1381839,,,,,1,3,0,1,3,0,2,2,0,6,2,,,,,,,,0,0,0,0,0,0,0
2015,500381000117,Hiawatha School,Vermont,Essex Junction Incorporated School District,5452,"Suburb, midsize",Primary,Regular school,Not applicable,234,58,60,69,64.5,59,70,79,74.5,0,0,0,0,0,0,Missing/not reported,0,0,0,0,0,0,-1,-1,1347596,,,,,0,0,0,0,0,0,0,0,0,0,0,,,,,,,,0,0,0,0,0,0,0
2015,500381000452,Summit Street School,Vermont,Essex Junction Incorporated School District,5452,"Suburb, midsize",Primary,Regular school,Not applicable,316,50,60,69,64.5,50,60,69,64.5,0,0,0,0,0,0,Missing/not reported,0,0,0,0,0,0,-1,-1,1354123,,,,,0,0,0,0,0,0,0,0,0,0,0,,,,,,,,0,0,0,0,0,0,0
2015,500381000453,Thomas Fleming School,Vermont,Essex Junction Incorporated School District,5452,"Suburb, midsize",Middle,Regular school,Not applicable,246,240,65,65,65,240,59,59,59,9,0,0,0,0,0,Missing/not reported,0,0,0,0,-2,0,-1,-1,1193640,,,,,0,1,0,0,0,0,2,0,0,2,0,,,,,,,,0,0,0,0,0,0,0
2015,500384000121,Essex Middle School,Vermont,Essex Town School District,5452,"Suburb, midsize",Middle,Regular school,Not applicable,407,402,70,70,70,402,54,54,54,20,4,2,0,0,0,Missing/not reported,0,0,0,17,-2,8,-1,-1,2556191,,,,,6,3,1,0,0,2,2,11,2,4,5,,,,,,,,0,0,0,0,0,0,0
2015,500384000123,Essex Elementary School,Vermont,Essex Town School District,5452,"Rural, fringe",Primary,Regular school,Not applicable,546,,,,,,,,,4,4,0,0,0,0,Missing/not reported,0,0,0,3,0,2,-1,-1,1824799,,,,,0,0,0,0,0,0,0,0,0,0,0,,,,,,,,0,0,0,0,0,0,0
2015,500384000403,Founders Memorial School,Vermont,Essex Town School District,5452,"Suburb, midsize",Primary,Regular school,Not applicable,407,401,71,71,71,404,61,61,61,10,2,4,0,0,0,Missing/not reported,0,0,0,6,-2,6,-1,-1,1773175,,,,,0,1,0,0,0,0,2,0,0,2,0,,,,,,,,0,0,0,0,0,0,0
2015,500387000126,Fair Haven Grade School,Vermont,Fair Haven School District,5743,"Town, distant",Primary,Regular school,Not applicable,333,209,42,42,42,209,30,30,30,22,2,0,0,2,2,Missing/not reported,0,0,0,12,0,3,-1,-1,1758700,,,,,1,0,0,1,0,0,0,2,0,0,2,,,,,,,,0,3,0,0,2,0,0
2015,500390000127,Fair Haven UHSD #16,Vermont,Fair Haven UHSD #16,5743,"Town, distant",High,Regular school,Not applicable,449,106,65,69,67,110,35,39,37,40,7,11,0,0,0,Missing/not reported,4,9,0,19,-2,8,-1,-1,1939196,127,89,85,87,4,3,2,0,0,2,2,0,2,2,2,100,66,36,10,72,25,72,0,0,0,2,0,0,63
2015,500393000204,BFA High School - Fairfax,Vermont,Fairfax School District,5454,"Rural, distant",High,Regular school,Not applicable,314,69,35,39,37,64,30,34,32,7,14,4,0,0,0,Missing/not reported,0,2,0,37,-2,18,-1,-1,1330735,82,94,90,92,0,3,0,0,0,0,2,0,0,0,0,114,39,45,4,52,39,52,0,0,0,0,0,0,96
2015,500393000206,BFA Elementary/Middle School,Vermont,Fairfax School District,5454,"Rural, distant",Primary,Regular school,Not applicable,586,354,55,55,55,356,38,38,38,15,4,2,0,0,0,Missing/not reported,0,0,0,7,0,5,-1,-1,2222407,,,,,0,0,0,0,0,0,0,0,0,0,0,,,,,,,,0,0,0,0,0,0,0
2015,500396000432,Fairfield Center School,Vermont,Fairfield School District,5455,"Rural, distant",Primary,Regular school,Not applicable,237,121,60,64,62,121,40,44,42,7,0,0,0,0,0,Missing/not reported,0,0,0,0,0,0,-1,-1,1173991,,,,,0,0,0,0,0,0,0,0,0,0,0,,,,,,,,0,2,0,0,2,0,0
2015,500402000132,Fayston Elementary School,Vermont,Fayston School District,5673,"Rural, distant",Primary,Regular school,Not applicable,108,63,80,84,82,63,75,79,77,2,0,0,0,0,0,Missing/not reported,0,0,0,0,0,0,-1,-1,745904,,,,,0,0,0,0,0,0,0,0,0,0,0,,,,,,,,0,0,0,0,0,0,0
2015,500405000133,Ferrisburgh Central School,Vermont,Ferrisburg School District,5456,"Rural, fringe",Primary,Regular school,Not applicable,193,116,65,69,67,117,55,59,57,4,0,0,0,0,0,Missing/not reported,0,0,0,0,0,0,-1,-1,852484,,,,,0,0,0,0,0,0,0,0,0,0,0,,,,,,,,0,0,0,0,2,0,0
2015,500408000134,Fletcher Elementary School,Vermont,Fletcher School District,5444,"Rural, distant",Primary,Regular school,Not applicable,145,77,65,69,67,77,40,44,42,0,0,0,0,0,0,Missing/not reported,0,0,0,0,0,0,-1,-1,506939,,,,,0,0,0,0,0,0,0,0,0,0,0,,,,,,,,0,0,1,0,0,2,0
2015,500411000135,Franklin Central School,Vermont,Franklin School District,5457,"Rural, distant",Primary,Regular school,Not applicable,142,69,70,74,72,69,70,74,72,6,0,0,0,0,0,Missing/not reported,0,0,0,0,0,0,-1,-1,463133,,,,,0,0,0,0,0,0,0,0,0,0,0,,,,,,,,0,0,0,0,0,0,0
2015,500414000136,Georgia Elementary & Middle School,Vermont,Georgia School District,5478,"Rural, fringe",Primary,Regular school,Not applicable,642,373,53,53,53,372,43,43,43,0,0,0,0,0,0,Missing/not reported,0,2,0,0,0,0,-1,-1,2487709,,,,,0,0,0,0,0,0,0,0,0,0,0,,,,,,,,0,0,0,0,0,0,0
2015,500417000137,Glover Village School,Vermont,Glover School District,5839,"Rural, remote",Primary,Regular school,Not applicable,128,81,65,69,67,81,45,49,47,0,4,2,0,0,0,Missing/not reported,0,0,0,12,0,5,-1,-1,521116,,,,,0,1,1,0,0,2,2,0,2,2,0,,,,,,,,0,0,0,0,0,0,0
2015,500429000140,Grand Isle Elementary School,Vermont,Grand Isle School District,5458,"Rural, distant",Primary,Regular school,Not applicable,191,116,60,64,62,116,45,49,47,6,4,2,0,0,0,Missing/not reported,0,0,0,5,0,5,-1,-1,1168339,,,,,0,3,0,0,0,0,4,0,0,4,0,,,,,,,,0,4,0,0,0,0,0
2015,500444000143,Guildhall Elementary School,Vermont,Guildhall School District,5905,"Rural, remote",Primary,Regular school,Not applicable,20,1,Suppressed data,Suppressed data,Suppressed data,12,0,49,24.5,0,0,0,0,0,0,Missing/not reported,0,0,0,0,-2,0,-1,-1,109121,,,,,0,0,0,0,0,0,0,0,0,0,0,,,,,,,,0,0,0,0,0,0,0
2015,500447000144,Guilford Central School,Vermont,Guilford School District,5301,"Rural, distant",Primary,Regular school,Not applicable,125,57,60,69,64.5,57,60,69,64.5,6,0,0,0,0,0,Missing/not reported,0,0,0,0,0,0,-1,-1,662692,,,,,0,0,0,0,0,0,0,0,0,0,0,,,,,,,,0,3,0,0,2,0,0
2015,500450000145,Halifax West School,Vermont,Halifax School District,5358,"Rural, distant",Primary,Regular school,Not applicable,44,29,60,79,69.5,29,40,59,49.5,4,0,4,0,0,0,Missing/not reported,0,0,0,6,-2,0,-1,-1,269145,,,,,0,0,0,0,0,0,0,0,0,0,0,,,,,,,,0,0,0,0,0,0,0
2015,500456000147,Hardwick Elementary School,Vermont,Hardwick School District,5843,"Rural, remote",Primary,Regular school,Not applicable,263,119,50,54,52,119,40,44,42,2,4,0,0,0,0,Missing/not reported,0,0,0,2,-2,0,-1,-1,1165761,,,,,1,0,0,0,0,0,0,6,0,0,4,,,,,,,,0,15,0,0,4,0,0
2015,500458000148,Harwood UHSD #19,Vermont,Harwood UHSD #19,5660,"Rural, distant",High,Regular school,Not applicable,511,130,55,59,57,130,35,39,37,34,2,14,0,0,0,Missing/not reported,2,2,0,30,-2,29,-1,-1,2304860,130,94,90,92,6,2,1,1,0,2,2,2,2,4,5,116,95,72,36,98,45,122,0,0,0,0,0,0,149
2015,500458000169,Harwood Union Middle UHSD #19,Vermont,Harwood UHSD #19,5660,"Rural, distant",Middle,Regular school,Not applicable,140,141,65,69,67,141,50,54,52,0,0,0,0,0,0,Missing/not reported,0,0,0,0,-2,0,-1,-1,530117,,,,,0,0,0,0,0,0,0,0,0,0,0,,,,,,,,0,0,0,0,0,0,0
2015,500459000047,Dothan Brook School,Vermont,Hartford School District,5001,"Rural, fringe",Primary,Regular school,Not applicable,279,112,70,74,72,112,75,79,77,5,0,0,0,0,0,Missing/not reported,0,0,0,0,0,0,-1,-1,1131707,,,,,0,0,0,0,0,0,0,0,0,0,0,,,,,,,,0,2,3,0,2,4,0
2015,500459000062,Ottauquechee School,Vermont,Hartford School District,5059,"Rural, fringe",Primary,Regular school,Not applicable,235,99,65,69,67,99,40,44,42,0,0,0,0,0,0,Missing/not reported,0,0,0,0,0,0,-1,-1,1325758,,,,,0,0,0,0,0,0,0,0,0,0,0,,,,,,,,0,6,0,0,2,0,0
2015,500459000093,Hartford Area Career & Technology Center,Vermont,Hartford School District,5001,"Town, remote",High,Vocational school,Not applicable,0,,,,,,,,,,,,,,,,,,,,,,,,,,,,,,,,,,,,,,,,,,,,,,,,,,,,,
2015,500459000150,Hartford Memorial Middle School,Vermont,Hartford School District,5001,"Town, remote",Middle,Regular school,Not applicable,315,305,61,61,61,305,49,49,49,4,4,2,0,0,0,Missing/not reported,0,2,0,18,-2,14,-1,-1,2188034,,,,,16,5,0,16,0,0,0,2,0,2,16,,,,,,,,0,0,0,0,0,0,0
2015,500459000151,Hartford High School,Vermont,Hartford School District,5001,"Town, remote",High,Regular school,Not applicable,496,126,40,44,42,128,20,24,22,23,18,6,0,0,0,Missing/not reported,0,0,0,51,-2,27,-1,-1,3011743,144,89,85,87,0,3,1,1,0,2,4,0,2,4,0,131,145,128,37,95,109,98,0,0,0,0,0,0,88
2015,500459000153,White River School,Vermont,Hartford School District,5001,"Town, remote",Primary,Regular school,Not applicable,246,91,65,69,67,91,65,69,67,0,2,0,0,0,0,Missing/not reported,0,0,0,1,0,1,-1,-1,1197031,,,,,0,0,0,0,0,0,0,0,0,0,0,,,,,,,,0,1,0,0,4,0,0
2015,500462000155,Hartland Elementary School,Vermont,Hartland School District,5048,"Rural, distant",Primary,Regular school,Not applicable,325,213,59,59,59,213,48,48,48,10,4,0,0,0,0,Missing/not reported,0,0,0,14,-2,5,-1,-1,1006439,,,,,0,2,0,0,0,0,2,0,0,2,0,,,,,,,,0,1,1,0,4,4,0
2015,500465000434,Highgate School,Vermont,Highgate School District,5459,"Rural, fringe",Primary,Regular school,Not applicable,353,158,50,54,52,158,40,44,42,17,9,6,0,2,0,Missing/not reported,0,0,2,23,0,10,-1,-1,1235721,,,,,0,0,0,0,0,0,0,0,0,0,0,,,,,,,,0,0,0,0,0,0,0
2015,500468000158,Hinesburg Elementary School,Vermont,Hinesburg School District,5461,"Rural, distant",Primary,Regular school,Not applicable,584,325,72,72,72,327,63,63,63,4,2,2,0,0,0,Missing/not reported,0,0,0,3,0,1,-1,-1,2790685,,,,,2,4,4,4,0,2,4,5,10,4,6,,,,,,,,0,2,2,0,2,2,0
2015,500471000159,Holland Elementary School,Vermont,Holland School District,5830,"Rural, distant",Primary,Regular school,Not applicable,36,20,40,59,49.5,20,0,20,10,6,0,0,0,0,0,Missing/not reported,0,0,0,0,0,0,-1,-1,162835,,,,,0,0,0,0,0,0,0,0,0,0,0,,,,,,,,0,0,0,0,0,0,0
2015,500477000160,Brewster Pierce School,Vermont,Huntington School District,5462,"Rural, distant",Primary,Regular school,Not applicable,147,50,60,69,64.5,50,70,79,74.5,0,0,0,0,0,0,Missing/not reported,0,0,0,0,0,0,-1,-1,728421,,,,,0,0,0,0,0,0,0,0,0,0,0,,,,,,,,0,0,0,0,0,0,0
2015,500480000161,Hyde Park Elementary School,Vermont,Hyde Park School District,5655,"Rural, distant",Primary,Regular school,Not applicable,241,118,55,59,57,118,35,39,37,2,0,2,0,0,0,Missing/not reported,0,0,0,6,0,6,-1,-1,1118294,,,,,0,0,0,1,0,0,0,0,0,0,0,,,,,,,,0,48,28,0,7,2,0
2015,500486000163,Irasburg Village School,Vermont,Irasburg School District,5845,"Rural, distant",Primary,Regular school,Not applicable,144,82,55,59,57,82,60,64,62,2,2,0,0,0,0,Missing/not reported,0,0,0,4,-2,2,-1,-1,149374,,,,,0,0,0,0,0,0,0,0,0,0,0,,,,,,,,0,0,0,0,0,0,0
2015,500489000164,Isle La Motte Elementary School,Vermont,Isle La Motte School District,5463,"Rural, distant",Primary,Regular school,Not applicable,34,15,0,49,24.5,15,0,49,24.5,0,0,2,0,0,0,Missing/not reported,0,0,0,4,0,1,-1,-1,180004,,,,,0,0,0,0,0,0,0,0,0,0,0,,,,,,,,0,0,0,0,0,0,0
2015,500492000165,Jamaica Village School,Vermont,Jamaica School District,5343,"Rural, remote",Primary,Regular school,Not applicable,64,35,50,59,54.5,35,50,59,54.5,2,0,0,0,0,0,Missing/not reported,0,0,0,0,0,0,-1,-1,221565,,,,,0,0,0,0,0,0,0,0,0,0,0,,,,,,,,0,0,0,0,0,0,0
2015,500496000015,Jay/Westfield Joint Elementary School,Vermont,Jay/Westfield Joint Elementary School District,5859,"Rural, distant",Primary,Regular school,Not applicable,93,50,60,69,64.5,50,60,69,64.5,0,0,0,0,0,0,Missing/not reported,0,0,0,0,0,0,-1,-1,413134,,,,,0,0,0,1,0,0,0,0,0,0,0,,,,,,,,0,3,0,0,2,0,0
2015,500501000168,Johnson Elementary School,Vermont,Johnson School District,5656,"Rural, distant",Primary,Regular school,Not applicable,249,117,45,49,47,117,35,39,37,10,2,0,0,0,0,Missing/not reported,0,0,0,1,0,1,-1,-1,1323375,,,,,0,1,3,0,0,2,2,0,2,2,0,,,,,,,,0,9,0,0,10,0,0
2015,500505000170,Lake Region UHSD #24,Vermont,Lake Region UHSD #24,5860,"Rural, distant",High,Regular school,Not applicable,359,85,60,64,62,85,45,49,47,12,10,4,0,2,0,Missing/not reported,0,2,0,37,-2,22,-1,-1,1614482,78,74,70,72,7,1,1,1,0,2,2,8,2,2,4,106,61,58,7,77,12,48,0,0,0,0,0,0,45
2015,500506000106,Green Mountain Technology and Career Center,Vermont,Lamoille UHSD #18,5655,"Rural, distant",High,Vocational school,Not applicable,0,,,,,7,0,49,24.5,9,0,0,0,0,0,Missing/not reported,0,0,0,0,-2,0,-1,-1,806584,,,,,3,0,0,0,0,0,0,2,0,0,2,,,,,,,13,0,0,0,0,0,0,16
2015,500506000171,Lamoille UHSD #18,Vermont,Lamoille UHSD #18,5655,"Rural, distant",High,Regular school,Not applicable,536,98,30,34,32,100,10,14,12,38,32,14,0,0,0,Missing/not reported,0,0,0,46,-2,41,-1,-1,2993024,167,89,85,87,14,20,0,0,0,0,0,16,0,0,34,155,71,181,35,102,67,140,0,0,0,0,0,0,27
2015,500506000198,Lamoille Union Middle School,Vermont,Lamoille UHSD #18,5655,"Rural, distant",Middle,Regular school,Not applicable,221,218,50,50,50,218,30,30,30,18,8,0,0,0,0,Missing/not reported,4,4,2,30,-2,4,-1,-1,1307326,,,,,4,1,0,0,0,0,2,4,0,2,5,,,,,,,,0,0,0,0,0,0,0
2015,500510000172,Leicester Central School,Vermont,Leicester School District,5733,"Rural, distant",Primary,Regular school,Not applicable,49,28,40,59,49.5,28,60,79,69.5,0,0,0,0,0,0,Missing/not reported,0,0,0,0,0,0,-1,-1,355687,,,,,0,0,0,0,0,0,0,0,0,0,0,,,,,,,,0,0,0,0,0,0,0
2015,500512000173,Leland & Gray UHSD #34,Vermont,Leland and Gray UHSD #34,5353,"Rural, distant",High,Regular school,Not applicable,315,144,45,49,47,144,35,39,37,11,6,2,0,2,0,Missing/not reported,0,5,0,51,-2,18,-1,-1,1947318,53,89,80,84,5,0,7,1,0,7,0,4,7,0,6,50,52,,2,25,52,40,0,0,0,0,0,0,27
2015,500516000174,Lincoln Community School,Vermont,Lincoln School District,5443,"Rural, distant",Primary,Regular school,Not applicable,139,66,55,59,57,66,65,69,67,2,0,0,0,0,0,Missing/not reported,0,0,0,0,0,0,-1,-1,517175,,,,,0,0,0,0,0,0,0,0,0,0,0,,,,,,,,0,0,0,0,0,0,0
2015,500522000175,Lowell Village School,Vermont,Lowell School District,5847,"Rural, remote",Primary,Regular school,Not applicable,114,70,55,59,57,70,35,39,37,2,2,0,0,0,0,Missing/not reported,0,0,0,1,0,1,-1,-1,640500,,,,,0,0,0,0,0,0,0,0,0,0,0,,,,,,,,0,7,0,0,2,0,0
2015,500525000176,Ludlow Elementary School,Vermont,Ludlow School District,5149,"Rural, distant",Primary,Regular school,Not applicable,118,53,50,59,54.5,52,40,49,44.5,0,0,0,0,0,0,Missing/not reported,0,0,0,0,0,0,-1,-1,749630,,,,,0,0,0,0,0,0,0,0,0,0,0,,,,,,,,0,0,0,0,0,0,0
2015,500528000435,Lunenburg Schools,Vermont,Lunenburg School District,5904,"Rural, distant",Primary,Regular school,Not applicable,134,70,60,64,62,70,35,39,37,4,4,0,0,0,0,Missing/not reported,0,0,0,2,0,3,-1,-1,581789,,,,,0,0,0,0,0,0,0,0,0,0,0,,,,,,,,0,0,0,0,0,0,0
2015,500531000436,Lyndon Town School,Vermont,Lyndon School District,5851,"Rural, fringe",Primary,Regular school,Not applicable,471,248,52,52,52,248,38,38,38,0,12,4,0,0,0,Missing/not reported,0,0,0,40,0,21,-1,-1,2135627,,,,,2,5,3,5,1,2,5,4,2,8,4,,,,,,,,0,20,3,0,7,4,0
2015,500537000185,Manchester Elementary/Middle School,Vermont,Manchester School District,5255,"Rural, remote",Primary,Regular school,Not applicable,402,254,50,50,50,252,41,41,41,0,0,0,0,0,0,Missing/not reported,0,0,0,0,0,0,-1,-1,2891252,,,,,0,0,0,0,0,0,0,0,0,0,0,,,,,,,,0,0,0,0,0,0,0
2015,500540000186,Marlboro Elementary School,Vermont,Marlboro School District,5344,"Rural, distant",Primary,Regular school,Not applicable,91,52,50,59,54.5,53,40,49,44.5,2,0,0,0,0,0,Missing/not reported,0,0,0,0,-2,0,-1,-1,430043,,,,,0,0,0,0,0,0,0,0,0,0,0,,,,,,,,0,0,0,0,0,0,0
2015,500549000187,Middlebury ID #4 School,Vermont,Middlebury Incorporated School District,5753,"Town, distant",Primary,Regular school,Not applicable,465,241,62,62,62,241,61,61,61,10,6,4,0,0,0,Missing/not reported,0,2,0,9,-2,10,-1,-1,1647482,,,,,0,0,0,0,0,0,0,0,0,0,0,,,,,,,,1,2,2,2,4,4,0
2015,500552000189,Middlebury Senior UHSD #3,Vermont,Middlebury UHSD #3,5753,"Town, distant",High,Regular school,Not applicable,620,141,65,69,67,141,50,54,52,25,11,27,0,2,0,Missing/not reported,17,23,0,171,-2,171,-1,-1,2829824,158,89,85,87,1,0,0,1,0,0,0,2,0,0,2,184,115,124,35,151,57,107,1,0,0,2,0,0,142
2015,500552000469,Middlebury Union Middle School,Vermont,Middlebury UHSD #3,5753,"Town, distant",Middle,Regular school,Not applicable,265,254,70,70,70,254,57,57,57,12,4,2,0,0,0,Missing/not reported,0,2,0,11,-2,10,-1,-1,1745144,,,,,2,0,0,0,0,0,0,2,0,0,4,,,,,,,,0,0,0,0,0,0,0
2015,500555000190,Rumney School (Middlesex),Vermont,Middlesex School District,5602,"Rural, distant",Primary,Regular school,Not applicable,188,102,65,69,67,102,50,54,52,0,0,0,0,0,0,Missing/not reported,0,0,0,0,0,0,-1,-1,840180,,,,,1,1,0,1,0,0,0,0,0,2,2,,,,,,,,0,0,0,0,0,0,0
2015,500558000191,Middletown Springs Elementary School,Vermont,Middletown Springs School District,5757,"Rural, distant",Primary,Regular school,Not applicable,72,35,70,79,74.5,35,50,59,54.5,2,0,2,0,0,0,Missing/not reported,0,0,0,6,0,3,-1,-1,257891,,,,,0,0,0,0,0,0,0,0,0,0,0,,,,,,,,0,0,3,0,0,4,0
2015,500561000125,Milton Senior High School,Vermont,Milton Incorporated School District,5468,"Town, fringe",High,Regular school,Not applicable,492,114,65,69,67,114,30,34,32,2,37,18,0,4,0,Missing/not reported,0,9,4,166,-2,88,-1,-1,4831618,122,94,90,92,28,2,2,2,1,2,4,22,5,2,30,128,120,180,,105,12,113,0,0,0,0,0,0,77
2015,500561000193,Milton Middle School,Vermont,Milton Incorporated School District,5468,"Town, fringe",Middle,Regular school,Not applicable,336,330,51,51,51,331,31,31,31,8,11,13,0,6,0,Missing/not reported,0,8,6,81,-2,38,-1,-1,2424366,,,,,5,1,5,0,0,2,2,4,2,2,7,,,,,,,,0,11,0,0,5,0,0
2015,500561000437,Milton Elementary School,Vermont,Milton Incorporated School District,5468,"Town, fringe",Primary,Regular school,Not applicable,812,351,54,54,54,350,37,37,37,8,34,27,0,0,0,Missing/not reported,0,0,0,104,0,83,-1,-1,5909748,,,,,2,3,2,0,0,0,0,0,4,4,2,,,,,,,,0,16,41,0,12,9,0
2015,500562000195,Missisquoi Valley UHSD #7,Vermont,Missisquoi Valley UHSD #7,5488,"Rural, fringe",High,Regular school,Not applicable,805,377,45,45,45,377,26,26,26,43,52,49,0,0,0,Missing/not reported,0,0,0,312,-2,84,-1,-1,3767789,140,84,80,82,9,0,2,7,0,2,0,8,2,0,11,152,125,68,16,97,20,118,0,0,0,0,0,0,62
2015,500564000196,Monkton Central School,Vermont,Monkton School District,5469,"Rural, distant",Primary,Regular school,Not applicable,179,87,55,59,57,87,60,64,62,2,4,0,0,0,0,Missing/not reported,0,0,0,4,0,4,-1,-1,652899,,,,,0,0,0,0,0,0,0,0,0,0,0,,,,,,,,0,0,0,0,0,0,0
2015,500567000197,Montgomery Center School,Vermont,Montgomery School District,5471,"Rural, remote",Primary,Regular school,Not applicable,146,84,75,79,77,84,70,74,72,0,0,0,0,0,0,Missing/not reported,0,0,0,0,0,0,-1,-1,494790,,,,,2,0,0,0,0,0,0,2,0,0,2,,,,,,,,0,0,0,0,0,0,0
2015,500570000199,Montpelier High School,Vermont,Montpelier School District,5602,"Town, distant",High,Regular school,Not applicable,285,56,70,79,74.5,56,50,59,54.5,4,8,4,0,0,0,Missing/not reported,0,8,0,19,-2,10,-1,-1,1759756,64,89,85,87,8,5,0,0,0,0,8,10,0,6,8,77,35,39,,39,18,129,0,0,0,0,0,0,87
2015,500570000200,Main Street School,Vermont,Montpelier School District,5602,"Town, distant",Middle,Regular school,Not applicable,296,289,72,72,72,291,47,47,47,4,0,0,0,0,0,Missing/not reported,0,0,0,0,-2,0,-1,-1,1522545,,,,,5,2,2,0,0,2,7,4,2,2,4,,,,,,,,0,0,0,0,0,0,0
2015,500570000201,Union Elementary School,Vermont,Montpelier School District,5602,"Town, distant",Primary,Regular school,Not applicable,483,160,65,69,67,159,65,69,67,2,2,0,0,0,0,Missing/not reported,0,0,0,2,0,2,-1,-1,1965750,,,,,0,0,0,0,0,0,0,0,0,0,0,,,,,,,,0,1,0,0,2,0,0
2015,500573000202,Moretown Elementary School,Vermont,Moretown School District,5660,"Rural, distant",Primary,Regular school,Not applicable,135,61,65,69,67,61,50,54,52,0,0,0,0,0,0,Missing/not reported,0,0,0,0,0,0,-1,-1,810014,,,,,0,0,0,0,0,0,0,0,0,0,0,,,,,,,,3,6,0,4,4,0,0
2015,500579000157,Peoples Academy Middle School,Vermont,Morristown School District,5661,"Rural, distant",Middle,Regular school,Not applicable,287,281,58,58,58,282,50,50,50,30,13,29,0,0,0,Missing/not reported,0,0,0,101,-2,83,-1,-1,1209225,,,,,17,1,0,6,0,0,2,10,0,2,18,,,,,,,,0,31,44,0,2,4,0
2015,500579000207,Peoples Academy,Vermont,Morristown School District,5661,"Rural, distant",High,Regular school,Not applicable,247,52,60,69,64.5,51,30,39,34.5,8,6,10,0,0,0,Missing/not reported,0,4,0,39,-2,16,-1,-1,1319531,62,100,95,97,26,0,2,3,0,4,0,10,4,0,15,49,30,49,,42,31,43,0,0,0,0,0,0,39
2015,500579000438,Morristown Elementary School,Vermont,Morristown School District,5661,"Rural, distant",Primary,Regular school,Not applicable,359,101,45,49,47,101,45,49,47,11,6,6,0,0,0,Missing/not reported,0,2,0,13,0,9,-1,-1,1288332,,,,,2,2,0,0,0,0,4,4,0,4,2,,,,,,,,0,69,222,0,11,8,0
2015,500581000208,Mt. Anthony Senior UHSD #14,Vermont,Mount Anthony UHSD #14,5201,"Town, distant",High,Regular school,Not applicable,955,203,42,42,42,204,26,26,26,57,73,42,0,0,0,Missing/not reported,2,7,0,495,-2,227,-1,-1,5021377,264,84,84,84,5,0,0,0,0,0,0,4,0,0,4,149,127,127,52,173,50,176,0,0,0,0,0,0,218
2015,500581000463,Mt. Anthony Union Middle School,Vermont,Mount Anthony UHSD #14,5201,"Rural, fringe",Middle,Regular school,Not applicable,547,542,34,34,34,544,31,31,31,47,16,15,0,0,0,Missing/not reported,0,0,0,35,-2,38,-1,-1,3252290,,,,,9,2,0,9,1,0,2,10,0,4,22,,,,,,,,0,0,1,0,0,7,0
2015,500582000209,Mt. Holly School,Vermont,Mount Holly School District,5758,"Rural, distant",Primary,Regular school,Not applicable,102,37,50,59,54.5,37,50,59,54.5,0,0,0,0,0,0,Missing/not reported,0,0,0,0,0,0,-1,-1,552636,,,,,0,0,0,0,0,0,0,0,0,0,0,,,,,,,,0,0,0,0,0,0,0
2015,500588000211,Beeman Elementary School,Vermont,New Haven School District,5472,"Rural, distant",Primary,Regular school,Not applicable,116,61,50,54,52,61,40,44,42,0,0,0,0,0,0,Missing/not reported,0,0,0,0,0,0,-1,-1,400746,,,,,0,0,0,0,0,0,0,0,0,0,0,,,,,,,,0,6,0,0,5,0,0
2015,500591000212,Newark School,Vermont,Newark School District,5871,"Rural, distant",Primary,Regular school,Not applicable,67,45,50,59,54.5,45,40,49,44.5,0,2,0,2,0,0,Missing/not reported,0,0,0,1,-2,1,-1,-1,332872,,,,,0,0,0,0,0,0,0,0,0,0,0,,,,,,,,0,0,0,0,0,0,0
2015,500594000213,Newbury Elementary School,Vermont,Newbury School District,5051,"Rural, remote",Primary,Regular school,Not applicable,145,71,30,34,32,71,25,29,27,0,0,0,0,0,0,Missing/not reported,0,0,0,0,0,0,-1,-1,420876,,,,,0,0,0,0,0,0,0,0,0,0,0,,,,,,,,0,0,0,0,0,0,0
2015,500600000439,Newport City Elementary School,Vermont,Newport City School District,5855,"Town, remote",Primary,Regular school,Not applicable,350,168,45,49,47,166,40,44,42,14,0,20,0,4,0,Missing/not reported,0,0,2,100,0,16,-1,-1,1302860,,,,,0,0,0,0,0,0,0,0,0,0,0,,,,,,,,0,28,23,0,12,12,0
2015,500603000218,Newport Town School,Vermont,Newport Town School District,5857,"Rural, distant",Primary,Regular school,Not applicable,107,56,40,49,44.5,55,20,29,24.5,7,0,0,0,0,0,Missing/not reported,0,0,0,0,0,0,-1,-1,577000,,,,,0,0,0,0,0,0,0,0,0,0,0,,,,,,,,0,3,3,0,4,2,0
2015,500609000221,North Hero Elementary School,Vermont,North Hero School District,5474,"Rural, distant",Primary,Regular school,Not applicable,68,27,40,59,49.5,27,40,59,49.5,0,0,0,0,0,0,Missing/not reported,0,0,0,0,0,0,-1,-1,37000,,,,,0,0,0,0,0,0,0,0,0,0,0,,,,,,,,0,8,8,0,0,2,0
2015,500612000227,Northfield Middle/High School,Vermont,Northfield School District,5663,"Town, distant",Other,Regular school,Not applicable,295,165,60,64,62,166,35,39,37,4,4,6,0,0,0,Missing/not reported,0,0,0,10,-2,10,-1,-1,1492399,42,89,80,84,1,2,1,0,0,2,2,4,2,2,4,53,10,16,,19,7,43,0,0,0,0,0,0,43
2015,500612000440,Northfield Elementary School,Vermont,Northfield School District,5663,"Town, distant",Primary,Regular school,Not applicable,276,125,35,39,37,126,20,24,22,4,2,2,0,0,0,Missing/not reported,0,0,0,2,0,1,-1,-1,1145748,,,,,1,0,0,0,0,0,0,0,0,0,2,,,,,,,,0,0,0,0,0,0,0
2015,500618000230,Marion W. Cross School,Vermont,Norwich School District,5055,"Rural, fringe",Primary,Regular school,Not applicable,344,205,83,83,83,205,80,80,80,0,0,0,0,2,0,Missing/not reported,0,0,2,0,-2,0,-1,-1,1940401,,,,,0,0,0,0,0,0,0,0,0,0,0,,,,,,,,0,1,0,0,2,0,0
2015,500621000231,Orange Center School,Vermont,Orange School District,5649,"Rural, fringe",Primary,Regular school,Not applicable,117,68,35,39,37,66,25,29,27,0,0,0,0,0,0,Missing/not reported,0,0,0,0,-2,0,-1,-1,327385,,,,,2,0,0,0,0,0,0,2,0,0,2,,,,,,,,0,1,0,0,2,0,0
2015,500624000232,Orleans Elementary School,Vermont,Orleans Incorporated School District,5860,"Rural, distant",Primary,Regular school,Not applicable,125,64,60,64,62,64,60,64,62,8,2,0,0,0,0,Missing/not reported,0,0,0,1,0,1,-1,-1,473944,,,,,0,0,1,0,0,2,0,0,2,0,0,,,,,,,,0,8,0,0,2,0,0
2015,500627000233,Orwell Village School,Vermont,Orwell School District,5760,"Rural, distant",Primary,Regular school,Not applicable,122,83,65,69,67,83,60,64,62,2,2,0,0,0,0,Missing/not reported,0,0,0,3,-2,0,-1,-1,483200,,,,,1,0,0,1,0,0,0,2,0,0,2,,,,,,,,0,0,0,0,0,0,0
2015,500630000234,Otter Valley UHSD #8,Vermont,Otter Valley UHSD #8,5733,"Rural, distant",High,Regular school,Not applicable,547,250,36,36,36,254,20,20,20,22,8,18,0,0,0,Missing/not reported,14,16,0,45,-2,78,-1,-1,2819847,101,94,90,92,0,0,0,0,0,0,0,0,0,0,0,74,70,61,19,50,20,73,0,0,0,0,0,0,76
2015,500639000237,Peacham Elementary School,Vermont,Peacham School District,5862,"Rural, distant",Primary,Regular school,Not applicable,49,27,40,59,49.5,27,40,59,49.5,0,0,0,0,0,0,Missing/not reported,0,0,0,0,0,0,-1,-1,41533,,,,,0,0,0,0,0,0,0,0,0,0,0,,,,,,,,0,0,0,0,0,0,0
2015,500648000239,Lothrop School,Vermont,Pittsford School District,5763,"Rural, distant",Primary,Regular school,Not applicable,236,119,40,44,42,119,40,44,42,10,4,2,0,0,0,Missing/not reported,0,0,0,4,0,4,-1,-1,1282403,,,,,1,0,4,0,0,2,0,0,5,0,2,,,,,,,,0,1,0,0,6,0,0
2015,500657000442,Pomfret School,Vermont,Pomfret School District,5067,"Rural, distant",Not applicable,Regular school,Not applicable,,,,,,,,,,,,,,,,,,,,,,,,,,,,,,,,,,,,,,,,,,,,,,,,,,,,,,
2015,500660000244,Poultney Elementary School,Vermont,Poultney School District,5764,"Rural, distant",Primary,Regular school,Not applicable,229,106,50,54,52,107,55,59,57,0,0,0,0,0,0,Missing/not reported,0,0,0,0,0,0,-1,-1,786664,,,,,0,0,0,0,0,0,0,0,0,0,0,,,,,,,,0,1,0,0,2,0,0
2015,500660000245,Poultney High School,Vermont,Poultney School District,5764,"Rural, distant",High,Regular school,Not applicable,196,98,60,64,62,98,30,34,32,7,0,0,0,0,0,Missing/not reported,0,0,0,0,-2,0,-1,-1,1065944,39,79,70,74,2,0,1,0,0,2,0,2,2,0,2,54,7,12,4,19,39,26,0,0,0,0,0,0,33
2015,500663000246,Pownal Elementary School,Vermont,Pownal School District,5261,"Rural, fringe",Primary,Regular school,Not applicable,266,139,40,44,42,140,40,44,42,32,4,0,0,0,0,Missing/not reported,0,0,0,3,-2,2,-1,-1,1529239,,,,,3,0,0,1,0,0,0,2,0,0,2,,,,,,,,0,5,0,0,8,0,0
2015,500666000247,Proctor Elementary School,Vermont,Proctor School District,5765,"Rural, distant",Primary,Regular school,Not applicable,151,79,40,44,42,80,30,34,32,0,4,0,0,0,0,Missing/not reported,0,0,0,4,0,4,-1,-1,717152,,,,,0,0,0,0,0,0,0,0,0,0,0,,,,,,,,0,23,0,0,4,0,0
2015,500666000248,Proctor Junior/Senior High School,Vermont,Proctor School District,5765,"Rural, fringe",High,Regular school,Not applicable,123,64,40,44,42,62,20,24,22,22,2,6,0,2,0,Missing/not reported,0,4,0,22,-2,9,-1,-1,741161,19,100,80,90,0,0,0,0,0,0,0,0,0,0,0,18,17,7,7,18,10,21,0,0,0,0,0,0,7
2015,500669000249,Putney Central School,Vermont,Putney School District,5346,"Rural, distant",Primary,Regular school,Not applicable,181,106,60,64,62,106,45,49,47,14,0,0,0,0,0,Missing/not reported,0,0,0,0,0,0,-1,-1,1835689,,,,,0,0,0,0,0,0,0,0,0,0,0,,,,,,,,0,0,0,0,0,0,0
2015,500672000443,Randolph Elementary School,Vermont,Randolph School District,5060,"Rural, remote",Primary,Regular school,Not applicable,308,168,45,49,47,169,40,44,42,4,7,7,0,0,0,Missing/not reported,0,0,0,21,0,21,-1,-1,1328980,,,,,0,0,0,0,0,0,0,0,0,0,0,,,,,,,,0,0,0,0,0,0,0
2015,500675000253,Reading Elementary School,Vermont,Reading School District,5062,"Rural, distant",Primary,Regular school,Not applicable,53,18,60,79,69.5,18,60,79,69.5,0,0,0,0,0,0,Missing/not reported,0,0,0,0,0,0,-1,-1,278701,,,,,0,0,0,0,0,0,0,0,0,0,0,,,,,,,,2,19,0,4,4,0,0
2015,500678000254,Readsboro Elementary School,Vermont,Readsboro School District,5350,"Rural, distant",Primary,Regular school,Not applicable,48,30,60,79,69.5,30,40,59,49.5,7,2,0,0,0,0,Missing/not reported,0,0,0,2,0,10,-1,-1,319148,,,,,0,0,0,0,0,0,0,0,0,0,0,,,,,,,,0,0,0,0,0,0,0
2015,500681000255,Richford Elementary School,Vermont,Richford School District,5476,"Rural, remote",Primary,Regular school,Not applicable,228,127,50,54,52,127,35,39,37,2,0,0,0,0,0,Missing/not reported,0,0,0,0,0,0,-1,-1,867637,,,,,2,0,0,0,0,0,0,2,0,0,2,,,,,,,,0,0,0,0,0,0,0
2015,500681000256,Richford Junior/Senior High School,Vermont,Richford School District,5476,"Rural, remote",High,Regular school,Not applicable,190,83,40,44,42,83,20,24,22,32,17,9,0,0,0,Missing/not reported,0,0,0,87,-2,16,-1,-1,1105247,35,89,80,84,2,0,0,0,0,0,0,4,0,0,4,40,28,20,9,30,30,28,0,0,0,0,0,0,27
2015,500687000259,Ripton Elementary School,Vermont,Ripton School District,5766,"Rural, distant",Primary,Regular school,Not applicable,46,23,60,79,69.5,23,40,59,49.5,2,2,0,0,0,0,Missing/not reported,0,0,0,2,0,2,-1,-1,268865,,,,,0,0,0,0,0,0,0,0,0,0,0,,,,,,,,0,0,0,0,0,0,0
2015,500690000261,Rochester Elementary/High School,Vermont,Rochester School District,5767,"Rural, remote",Other,Regular school,Not applicable,146,71,30,34,32,71,20,24,22,6,6,4,0,0,0,Missing/not reported,0,0,0,5,0,3,-1,-1,619744,13,100,50,75,0,0,0,0,0,0,0,0,0,0,0,4,7,,,4,,4,0,0,0,0,0,0,8
2015,500693000262,Bellows Falls Middle School,Vermont,Rockingham School District,5101,"Town, distant",Middle,Regular school,Not applicable,233,239,51,51,51,239,30,30,30,30,11,4,0,0,0,Missing/not reported,0,0,0,45,-2,22,-1,-1,1268586,,,,,0,1,0,0,0,0,0,0,0,2,0,,,,,,,,0,0,0,0,0,0,0
2015,500693000263,Rockingham Central Elementary School,Vermont,Rockingham School District,5101,"Town, distant",Primary,Regular school,Not applicable,239,69,55,59,57,69,45,49,47,9,9,7,0,0,0,Missing/not reported,0,0,0,26,-2,16,-1,-1,977348,,,,,0,0,0,0,0,0,0,0,0,0,0,,,,,,,,0,14,1,0,4,7,0
2015,500693000264,Saxton River Elementary School,Vermont,Rockingham School District,5154,"Town, distant",Primary,Regular school,Not applicable,109,36,60,69,64.5,36,70,79,74.5,0,2,0,0,0,0,Missing/not reported,0,0,0,2,-2,2,-1,-1,460075,,,,,0,0,0,0,0,0,0,0,0,0,0,,,,,,,,0,0,0,0,0,0,0
2015,500696000265,Roxbury Village School,Vermont,Roxbury School District,5669,"Rural, distant",Primary,Regular school,Not applicable,60,18,40,59,49.5,18,0,20,10,2,2,0,0,0,0,Missing/not reported,0,0,0,1,0,1,-1,-1,248761,,,,,0,0,0,0,0,0,0,0,0,0,0,,,,,,,,0,0,0,0,0,0,0
2015,500699000266,South Royalton Elementary/High School,Vermont,Royalton School District,5068,"Rural, remote",Other,Regular school,Not applicable,394,179,40,44,42,179,20,24,22,14,2,6,0,0,0,Missing/not reported,0,2,0,17,0,6,-1,-1,84485,42,89,80,84,0,2,2,0,0,2,2,0,2,2,0,31,29,23,4,16,28,16,0,0,0,0,0,0,32
2015,500705000075,Rutland Intermediate School,Vermont,Rutland City School District,5701,"Town, distant",Primary,Regular school,Not applicable,584,557,44,44,44,558,38,38,38,7,17,4,0,0,0,Missing/not reported,0,0,0,43,-2,24,-1,-1,1910246,,,,,0,0,0,0,0,0,0,0,0,0,0,,,,,,,,0,0,0,0,0,0,0
2015,500705000094,Stafford Technical Center,Vermont,Rutland City School District,5701,"Town, distant",High,Vocational school,Not applicable,0,,,,,,,,,0,0,0,0,0,0,Missing/not reported,0,0,0,0,-2,0,-1,-1,1191342,,,,,0,0,0,0,0,0,0,0,0,0,0,10,12,9,,22,4,7,0,0,0,0,0,0,0
2015,500705000271,Rutland Senior High School,Vermont,Rutland City School District,5701,"Town, distant",High,Regular school,Not applicable,853,210,73,73,73,209,43,43,43,2,13,4,0,0,0,Missing/not reported,0,0,0,35,-2,21,-1,-1,3849966,191,94,90,92,2,1,2,2,0,2,2,2,2,0,4,262,180,252,40,109,60,386,0,0,0,0,0,0,174
2015,500705000274,Rutland Northeast Primary School,Vermont,Rutland City School District,5701,"Town, distant",Primary,Regular school,Not applicable,202,,,,,,,,,0,6,2,0,0,0,Missing/not reported,0,0,0,7,0,5,-1,-1,702607,,,,,0,0,0,0,0,0,0,0,0,0,0,,,,,,,,0,0,0,0,0,0,0
2015,500705000275,Rutland Northwest School,Vermont,Rutland City School District,5701,"Town, distant",Primary,Regular school,Not applicable,245,,,,,,,,,0,0,0,0,0,0,Missing/not reported,0,0,0,0,0,0,-1,-1,782670,,,,,0,0,0,0,0,0,0,0,0,0,0,,,,,,,,0,0,0,0,0,0,0
2015,500705000468,Rutland Middle School,Vermont,Rutland City School District,5701,"Town, distant",Middle,Regular school,Not applicable,298,284,42,42,42,281,30,30,30,26,17,25,0,0,0,Missing/not reported,0,0,0,103,-2,104,-1,-1,1368574,,,,,0,0,2,0,0,2,0,0,2,0,0,,,,,,,,0,0,0,0,0,0,0
2015,500708000279,Rutland Town Elementary School,Vermont,Rutland Town School District,5701,"Rural, fringe",Primary,Regular school,Not applicable,348,225,60,60,60,224,53,53,53,6,4,2,0,0,0,Missing/not reported,0,0,0,3,0,3,-1,-1,1827111,,,,,0,0,0,0,0,0,0,0,0,0,0,,,,,,,,0,0,0,0,0,0,0
2015,500714000445,Salisbury Community School,Vermont,Salisbury School District,5769,"Rural, distant",Primary,Regular school,Not applicable,105,55,60,69,64.5,55,50,59,54.5,4,0,0,0,0,0,Missing/not reported,0,0,0,0,0,0,-1,-1,573109,,,,,0,0,0,0,0,0,0,0,0,0,0,,,,,,,,0,0,0,0,0,2,0
2015,500723000282,Shaftsbury Elementary School,Vermont,Shaftsbury School District,5262,"Rural, fringe",Primary,Regular school,Not applicable,272,140,40,44,42,140,40,44,42,4,0,4,0,0,0,Missing/not reported,0,0,0,6,-2,6,-1,-1,935735,,,,,0,1,0,0,0,0,2,0,0,2,0,,,,,,,,0,1,0,0,4,0,0
2015,500726000283,Sharon Elementary School,Vermont,Sharon School District,5065,"Rural, distant",Primary,Regular school,Not applicable,162,69,60,64,62,71,45,49,47,4,0,0,0,0,0,Missing/not reported,0,0,0,0,0,0,-1,-1,642384,,,,,0,0,0,0,0,0,0,0,0,0,0,,,,,,,,0,0,0,0,0,0,0
2015,500732000284,Shelburne Community School,Vermont,Shelburne School District,5482,"Suburb, midsize",Primary,Regular school,Not applicable,876,496,76,76,76,498,67,67,67,20,2,0,0,0,0,Missing/not reported,0,0,0,1,0,1,-1,-1,3802960,,,,,5,5,4,0,0,6,4,6,5,6,9,,,,,,,,0,1,0,0,2,0,0
2015,500735000286,Sheldon Elementary School,Vermont,Sheldon School District,5483,"Rural, distant",Primary,Regular school,Not applicable,303,165,35,39,37,167,35,39,37,9,2,2,0,0,0,Missing/not reported,0,2,0,20,0,13,-1,-1,1281013,,,,,1,1,2,7,0,4,5,13,4,2,2,,,,,,,,0,4,4,0,4,4,0
2015,500738000287,Killington Elementary School,Vermont,Sherburne Town School District,5751,"Rural, distant",Primary,Regular school,Not applicable,102,51,80,89,84.5,51,70,79,74.5,2,0,0,0,0,0,Missing/not reported,0,0,0,0,-2,0,-1,-1,564605,,,,,0,0,0,0,0,0,0,0,0,0,0,,,,,,,,0,0,0,0,0,2,0
2015,500741000288,Shoreham Elementary School,Vermont,Shoreham School District,5770,"Rural, distant",Primary,Regular school,Not applicable,74,39,40,49,44.5,39,30,39,34.5,0,0,0,0,0,0,Missing/not reported,0,0,0,0,-2,0,-1,-1,455467,,,,,0,1,0,0,0,0,2,0,0,2,0,,,,,,,,0,0,0,0,0,0,0
2015,500744000446,Shrewsbury Mountain School,Vermont,Shrewsbury School District,5738,"Rural, distant",Primary,Regular school,Not applicable,77,40,50,59,54.5,39,40,49,44.5,2,0,0,0,0,0,Missing/not reported,0,0,0,0,0,0,-1,-1,314146,,,,,0,0,0,0,0,0,0,0,0,0,0,,,,,,,,0,0,0,0,0,0,0
2015,500747000291,Chamberlin School,Vermont,South Burlington School District,5403,"City, small",Primary,Regular school,Not applicable,496,120,70,74,72,121,75,79,77,6,4,2,0,0,0,Missing/not reported,0,0,0,12,0,6,-1,-1,1568856,,,,,0,0,0,0,0,0,0,0,0,0,0,,,,,,,,0,0,0,0,0,0,0
2015,500747000292,Orchard School,Vermont,South Burlington School District,5403,"City, small",Primary,Regular school,Not applicable,349,185,80,84,82,187,70,74,72,0,2,2,0,0,0,Missing/not reported,0,0,0,2,0,0,-1,-1,2567543,,,,,0,0,0,0,0,0,0,0,0,0,0,,,,,,,,0,0,2,0,0,2,0
2015,500747000293,Rick Marcotte Central School,Vermont,South Burlington School District,5403,"City, small",Primary,Regular school,Not applicable,355,187,70,74,72,188,70,74,72,7,2,0,0,0,0,Missing/not reported,0,0,0,3,-2,4,-1,-1,2182849,,,,,0,0,0,0,0,0,0,0,0,0,0,,,,,,,,0,0,0,0,0,0,0
2015,500747000294,South Burlington High School,Vermont,South Burlington School District,5403,"City, small",High,Regular school,Not applicable,881,215,82,82,82,212,60,60,60,0,37,14,0,0,0,Missing/not reported,0,2,0,149,-2,32,-1,-1,5718761,211,93,93,93,3,2,0,0,0,0,2,4,0,2,4,281,155,87,26,162,80,,0,0,0,0,0,0,166
2015,500747000295,Frederick H. Tuttle Middle School,Vermont,South Burlington School District,5403,"City, small",Middle,Regular school,Not applicable,516,510,75,75,75,510,62,62,62,12,7,5,0,0,0,Missing/not reported,0,0,0,22,-2,7,-1,-1,3819297,,,,,0,0,0,0,0,0,0,0,0,0,0,,,,,,,,0,0,0,0,0,0,0
2015,500750000296,Folsum Education & Community Center,Vermont,South Hero School District,5486,"Rural, distant",Primary,Regular school,Not applicable,148,81,60,64,62,81,50,54,52,8,8,0,0,0,0,Missing/not reported,0,0,0,8,0,4,-1,-1,598495,,,,,1,0,0,0,0,0,0,2,0,0,2,,,,,,,,0,0,0,0,0,0,0
2015,500753000298,Riverside School,Vermont,Springfield School District,5156,"Town, remote",Middle,Regular school,Not applicable,282,275,42,42,42,274,27,27,27,21,9,8,0,0,0,Missing/not reported,0,4,0,70,-2,73,-1,-1,1160023,,,,,3,1,0,1,0,0,2,7,0,0,4,,,,,,,,0,0,0,0,0,0,0
2015,500753000299,Elm Hill School,Vermont,Springfield School District,5156,"Rural, fringe",Primary,Regular school,Not applicable,397,,,,,,,,,13,8,15,0,0,0,Missing/not reported,0,0,0,51,0,98,-1,-1,921097,,,,,0,3,0,0,0,0,2,0,0,4,0,,,,,,,,0,0,0,0,0,0,0
2015,500753000300,Springfield High School,Vermont,Springfield School District,5156,"Town, remote",High,Regular school,Not applicable,423,88,40,44,42,88,20,24,22,10,34,21,0,0,0,Missing/not reported,0,0,0,52,-2,156,-1,-1,1652053,123,74,70,72,0,0,0,1,0,0,0,0,0,0,0,110,149,64,10,57,25,106,0,0,0,0,0,0,83
2015,500753000303,Union School,Vermont,Springfield School District,5156,"Rural, fringe",Primary,Regular school,Not applicable,269,260,35,35,35,260,21,21,21,14,9,18,0,0,0,Missing/not reported,0,0,0,135,-2,83,-1,-1,1031328,,,,,8,0,0,2,0,0,0,7,0,0,4,,,,,,,,0,0,0,0,0,0,0
2015,500756000304,St. Albans City Elementary School,Vermont,Saint Albans City School District,5478,"Town, distant",Primary,Regular school,Not applicable,781,434,50,50,50,435,46,46,46,22,11,14,0,0,0,Missing/not reported,0,0,0,30,0,15,-1,-1,3995665,,,,,0,0,0,0,0,0,0,0,0,0,0,,,,,,,,0,17,13,0,16,15,0
2015,500760000306,St. Albans Town Educational Center,Vermont,Saint Albans Town School District,5478,"Town, distant",Primary,Regular school,Not applicable,784,474,42,42,42,474,35,35,35,25,0,0,0,0,0,Missing/not reported,0,2,0,0,-2,1,-1,-1,3996620,,,,,10,3,2,4,0,4,2,11,4,6,10,,,,,,,,0,0,0,0,0,0,0
2015,500765000181,St. Johnsbury School,Vermont,Saint Johnsbury School District,5819,"Town, remote",Primary,Regular school,Not applicable,742,423,44,44,44,423,33,33,33,50,23,0,0,8,0,Missing/not reported,0,0,8,52,0,25,-1,-1,2496755,,,,,3,0,0,0,0,0,0,2,0,0,2,,,,,,,,0,57,8,0,19,4,0
2015,500768000316,Stamford Elementary School,Vermont,Stamford School District,5352,"Rural, fringe",Primary,Regular school,Not applicable,74,54,50,59,54.5,52,40,49,44.5,0,0,0,0,0,0,Missing/not reported,0,2,0,0,-2,0,-1,-1,293294,,,,,0,0,0,0,0,0,0,0,0,0,0,,,,,,,,0,0,0,0,0,0,0
2015,500774000317,Robinson School,Vermont,Starksboro School District,5487,"Rural, distant",Primary,Regular school,Not applicable,186,93,45,49,47,93,45,49,47,12,4,2,4,0,0,Missing/not reported,0,0,0,5,0,3,-1,-1,741607,,,,,0,0,0,0,0,0,0,0,0,0,0,,,,,,,,0,0,0,0,0,0,0
2015,500777000408,Stockbridge Central School,Vermont,Stockbridge School District,5772,"Rural, remote",Primary,Regular school,Not applicable,48,26,40,59,49.5,26,40,59,49.5,2,0,2,0,0,0,Missing/not reported,0,0,0,3,0,3,-1,-1,221316,,,,,0,0,0,0,0,0,0,0,0,0,0,,,,,,,,0,3,0,0,2,0,0
2015,500780000318,Stowe Elementary School,Vermont,Stowe School District,5672,"Rural, distant",Primary,Regular school,Not applicable,402,173,75,79,77,173,70,74,72,0,0,4,0,0,0,Missing/not reported,0,0,0,5,0,4,-1,-1,1573862,,,,,1,0,0,0,0,0,0,2,0,0,2,,,,,,,,0,13,11,0,4,6,0
2015,500780000319,Stowe Middle/High School,Vermont,Stowe School District,5672,"Rural, distant",Other,Regular school,Not applicable,413,234,82,82,82,234,59,59,59,4,4,2,0,0,0,Missing/not reported,0,0,0,5,-2,4,-1,-1,2147844,51,100,90,95,5,0,1,1,0,2,0,6,2,0,6,60,89,62,15,66,4,60,0,0,0,0,0,0,46
2015,500783000320,Newton Elementary School,Vermont,Strafford School District,5070,"Rural, distant",Primary,Regular school,Not applicable,126,88,75,79,77,88,65,69,67,7,0,0,0,0,0,Missing/not reported,0,0,0,0,-2,0,-1,-1,755206,,,,,0,0,0,0,0,0,0,0,0,0,0,,,,,,,,0,0,0,0,0,0,0
2015,500789000416,Sudbury Country School,Vermont,Sudbury School District,5733,"Rural, remote",Primary,Regular school,Not applicable,37,21,40,59,49.5,21,40,59,49.5,0,0,0,0,0,0,Missing/not reported,0,0,0,0,-2,0,-1,-1,181198,,,,,0,0,0,0,0,0,0,0,0,0,0,,,,,,,,0,0,0,0,0,0,0
2015,500792000321,Sunderland Elementary School,Vermont,Sunderland School District,5250,"Rural, distant",Primary,Regular school,Not applicable,94,41,80,89,84.5,41,70,79,74.5,0,0,0,0,0,0,Missing/not reported,0,0,0,0,-2,0,-1,-1,376948,,,,,0,0,0,0,0,0,0,0,0,0,0,,,,,,,,0,0,0,0,0,0,0
2015,500795000322,Sutton Village School,Vermont,Sutton School District,5867,"Rural, distant",Primary,Regular school,Not applicable,99,61,50,54,52,61,30,34,32,11,7,7,7,0,0,Missing/not reported,0,0,0,16,0,8,-1,-1,429140,,,,,3,0,0,3,0,0,0,2,0,0,7,,,,,,,,0,0,0,0,0,2,0
2015,500798000049,Swanton Schools,Vermont,Swanton School District,5488,"Town, distant",Primary,Regular school,Not applicable,560,276,45,45,45,276,29,29,29,21,2,4,0,2,2,Missing/not reported,0,6,0,22,0,6,-1,-1,2327573,,,,,1,2,1,0,0,2,4,2,2,2,2,,,,,,,,0,13,40,0,6,12,0
2015,500801000325,Thetford Elementary School,Vermont,Thetford School District,5074,"Rural, distant",Primary,Regular school,Not applicable,217,127,65,69,67,127,55,59,57,0,0,0,0,0,0,Missing/not reported,0,0,0,0,0,0,-1,-1,828937,,,,,0,0,0,0,0,0,0,0,0,0,0,,,,,,,,0,0,0,0,0,0,0
2015,500804000326,Tinmouth Elementary School,Vermont,Tinmouth School District,5773,"Rural, distant",Primary,Regular school,Not applicable,49,19,40,59,49.5,19,40,59,49.5,0,0,0,0,0,0,Missing/not reported,0,0,0,0,0,1,-1,-1,261611,,,,,0,0,0,0,0,0,0,0,0,0,0,,,,,,,,0,0,0,0,0,0,0
2015,500810000327,Townshend Village School,Vermont,Townshend School District,5353,"Rural, remote",Primary,Regular school,Not applicable,81,35,70,79,74.5,35,80,89,84.5,0,0,0,0,0,0,Missing/not reported,0,0,0,0,0,0,-1,-1,354864,,,,,0,0,0,0,0,0,0,0,0,0,0,,,,,,,,0,0,0,0,0,0,0
2015,500813000328,Troy School,Vermont,Troy School District,5859,"Rural, distant",Primary,Regular school,Not applicable,173,102,30,34,32,102,10,14,12,9,4,4,0,0,0,Missing/not reported,0,2,0,75,0,11,-1,-1,674282,,,,,1,0,0,0,0,0,0,2,0,0,2,,,,,,,,0,1,0,0,2,0,0
2015,500816000330,Tunbridge Central School,Vermont,Tunbridge School District,5077,"Rural, remote",Primary,Regular school,Not applicable,121,73,40,44,42,73,40,44,42,0,0,0,0,2,2,Missing/not reported,0,0,2,0,-2,0,-1,-1,350000,,,,,0,0,0,0,0,0,0,0,0,0,0,,,,,,,,0,0,0,0,0,0,0
2015,500822400334,Blue Mountain USD #21,Vermont,Blue Mountain USD #21,5081,"Rural, remote",Other,Regular school,Not applicable,398,198,35,39,37,198,20,24,22,15,21,2,0,0,0,Missing/not reported,0,4,0,50,0,26,-1,-1,2585920,28,100,80,90,1,0,2,0,0,2,0,4,4,0,2,22,10,24,,17,15,20,0,2,0,0,2,0,19
2015,500822500335,Twinfield USD #33,Vermont,Twinfield USD #33,5667,"Rural, distant",Other,Regular school,Not applicable,383,198,55,59,57,199,35,39,37,8,4,2,0,0,0,Missing/not reported,0,0,0,3,0,2,-1,-1,2208418,26,100,80,90,5,0,0,3,0,0,0,5,0,0,6,91,32,4,18,106,4,29,0,20,0,0,4,0,29
2015,500822800336,Millers Run USD #37,Vermont,Millers Run USD #37,5866,"Rural, distant",Primary,Regular school,Not applicable,110,68,45,49,47,68,25,29,27,12,5,4,0,0,0,Missing/not reported,0,0,0,13,0,12,-1,-1,559028,,,,,2,0,0,0,0,0,0,2,0,0,2,,,,,,,,0,1,0,0,2,0,0
2015,500823500338,Mount Abraham UHSD #28,Vermont,Mount Abraham UHSD #28,5443,"Rural, distant",High,Regular school,Not applicable,649,267,49,49,49,264,33,33,33,9,39,15,0,0,0,Missing/not reported,0,5,0,68,-2,82,-1,-1,3736659,116,100,95,97,1,0,1,0,0,0,0,2,2,0,4,97,52,16,43,91,52,,0,0,0,0,0,0,124
2015,500823700339,U-32 High School (UHSD #32),Vermont,UHSD #32,5602,"Rural, fringe",High,Regular school,Not applicable,764,352,62,62,62,351,36,36,36,25,14,6,0,0,0,Missing/not reported,0,0,0,51,-2,17,-1,-1,4819872,139,89,85,87,5,1,6,2,0,10,0,2,7,2,7,162,132,72,19,89,159,171,0,0,0,0,0,0,55
2015,500824000341,Currier Memorial USD #23,Vermont,Currier Memorial USD #23,5739,"Rural, remote",Primary,Regular school,Not applicable,105,55,50,59,54.5,55,40,49,44.5,0,0,0,0,0,0,Missing/not reported,0,0,0,0,0,0,-1,-1,401094,,,,,0,0,0,0,0,0,0,0,0,0,0,,,,,,,,0,0,0,0,0,0,0
2015,500824100342,Black River USD #39,Vermont,Black River USD #39,5149,"Rural, distant",High,Regular school,Not applicable,169,75,40,44,42,75,30,34,32,23,2,0,7,2,0,Missing/not reported,0,0,0,26,-2,8,-1,-1,1065823,34,100,90,95,0,0,0,0,0,0,0,0,0,0,0,19,16,10,7,26,,22,0,0,0,0,0,0,25
2015,500824200340,Waits River Valley USD #36,Vermont,Waits River Valley USD #36,5040,"Rural, remote",Primary,Regular school,Not applicable,248,151,45,49,47,150,30,34,32,0,4,2,0,0,0,Missing/not reported,0,0,0,6,0,5,-1,-1,925911,,,,,0,0,0,0,0,0,0,0,0,0,0,,,,,,,,0,0,0,0,0,0,0
2015,500824300343,Hazen UHSD # 26,Vermont,Hazen UHSD #26,5843,"Rural, remote",High,Regular school,Not applicable,330,167,45,49,47,167,35,39,37,17,14,14,0,0,0,Missing/not reported,0,0,0,28,-2,33,-1,-1,1437565,53,100,90,95,1,1,0,0,0,0,2,4,0,2,2,15,29,18,10,30,56,36,0,12,0,0,2,4,42
2015,500824400344,Mill River USD #40,Vermont,Mill River USD #40,5759,"Rural, fringe",High,Regular school,Not applicable,461,201,47,47,47,202,39,39,39,35,15,20,0,0,0,Missing/not reported,0,0,0,54,-2,15,-1,-1,2412513,91,94,90,92,0,4,1,1,1,2,5,0,2,5,0,19,108,21,7,31,57,78,0,0,0,0,0,0,86
2015,500824500345,Chester-Andover USD #29,Vermont,Chester-Andover USD #29,5143,"Rural, distant",Primary,Regular school,Not applicable,262,116,55,59,57,116,45,49,47,6,12,4,0,0,0,Missing/not reported,0,0,0,32,-2,11,-1,-1,1074465,,,,,0,0,0,0,0,0,0,0,0,0,0,,,,,,,,0,9,0,0,8,0,0
2015,500824600346,Bellows Falls UHSD #27,Vermont,Bellows Falls UHSD #27,5101,"Rural, fringe",High,Regular school,Not applicable,336,80,50,54,52,80,40,44,42,103,14,13,0,0,0,Missing/not reported,0,0,0,35,-2,29,-1,-1,2137473,90,74,70,72,5,3,3,2,0,4,4,0,4,6,4,53,27,10,7,44,15,65,0,0,0,0,0,0,72
2015,500824700118,River Bend Career & Technical Center,Vermont,Oxbow UHSD #30,5033,"Rural, remote",High,Vocational school,Not applicable,0,,,,,,,,,,,,,,,,,,,,,,,,,,,,,,,,,,,,,,,,,,,,,,,,,,,,,
2015,500824709272,Oxbow UHSD #30,Vermont,Oxbow UHSD #30,5033,"Rural, remote",High,Regular school,Not applicable,345,133,35,39,37,133,25,29,27,6,14,14,0,0,0,Missing/not reported,0,0,0,82,-2,32,-1,-1,1674842,82,100,95,97,0,0,0,0,0,0,0,0,0,0,0,65,30,28,12,39,24,71,0,0,0,0,0,0,33
2015,500824800348,Green Mountain UHSD #35,Vermont,Green Mountain UHSD #35,5143,"Rural, distant",High,Regular school,Not applicable,330,150,55,59,57,150,45,49,47,10,24,9,0,0,0,Missing/not reported,0,2,0,207,-2,43,-1,-1,1665503,63,89,85,87,3,0,3,0,0,2,0,0,2,0,4,52,40,19,2,37,13,37,0,0,0,0,0,0,40
2015,500825000349,Vergennes UESD #44,Vermont,Vergennes UESD #44,5491,"Town, distant",Primary,Regular school,Not applicable,294,135,50,54,52,135,45,49,47,0,0,0,0,0,0,Missing/not reported,0,0,0,0,0,23,-1,-1,1194038,,,,,0,0,0,0,0,0,0,0,0,0,0,,,,,,,,0,0,0,0,0,0,0
2015,500828000350,Vergennes UHSD #5,Vermont,Vergennes UHSD #5,5491,"Town, distant",High,Regular school,Not applicable,465,237,56,56,56,236,41,41,41,4,7,2,0,0,0,Missing/not reported,0,0,0,7,-2,10,-1,-1,2217431,84,100,95,97,10,3,0,1,0,0,2,9,0,2,10,77,60,41,36,104,55,200,0,0,0,0,0,0,62
2015,500831000351,Vernon Elementary School,Vermont,Vernon School District,5354,"Rural, distant",Primary,Regular school,Not applicable,188,93,45,49,47,93,40,44,42,6,8,0,0,0,0,Missing/not reported,0,0,0,12,0,12,-1,-1,876388,,,,,0,0,0,0,0,0,0,0,0,0,0,,,,,,,,0,14,0,0,6,0,0
2015,500840000353,Waitsfield Elementary School,Vermont,Waitsfield School District,5673,"Rural, distant",Primary,Regular school,Not applicable,142,69,70,74,72,69,55,59,57,0,0,0,0,0,0,Missing/not reported,0,0,0,0,0,0,-1,-1,917118,,,,,0,0,0,0,0,0,0,0,0,0,0,,,,,,,,0,3,4,0,4,2,0
2015,500843000448,Walden School,Vermont,Walden School District,5873,"Rural, distant",Primary,Regular school,Not applicable,92,60,50,59,54.5,60,40,49,44.5,2,0,0,0,0,0,Missing/not reported,0,0,0,0,0,0,-1,-1,481286,,,,,0,0,2,0,0,0,0,0,2,0,0,,,,,,,,0,13,0,0,2,0,0
2015,500846000358,Wallingford Village School,Vermont,Wallingford School District,5773,"Rural, distant",Primary,Regular school,Not applicable,151,70,50,54,52,70,55,59,57,0,0,0,0,0,0,Missing/not reported,0,0,0,0,0,0,-1,-1,1144705,,,,,1,1,0,1,0,0,2,2,0,2,2,,,,,,,,0,0,0,0,0,0,0
2015,500852000359,Wardsboro Central School,Vermont,Wardsboro School District,5355,"Rural, remote",Primary,Regular school,Not applicable,58,28,60,79,69.5,28,40,59,49.5,0,0,2,0,0,0,Missing/not reported,0,0,0,4,0,1,-1,-1,276947,,,,,0,0,0,0,0,0,0,0,0,0,0,,,,,,,,0,0,0,0,0,0,0
2015,500855000360,Warren Elementary School,Vermont,Warren School District,5674,"Rural, distant",Primary,Regular school,Not applicable,187,93,65,69,67,93,50,54,52,0,0,0,0,0,0,Missing/not reported,0,0,0,0,0,0,-1,-1,994051,,,,,0,0,0,0,0,0,0,0,0,0,0,,,,,,,,0,0,0,0,0,0,0
2015,500858000361,Washington Village School,Vermont,Washington School District,5675,"Rural, distant",Primary,Regular school,Not applicable,92,55,40,49,44.5,56,40,49,44.5,2,0,2,0,0,0,Missing/not reported,0,0,0,3,0,1,-1,-1,268955,,,,,1,0,0,0,0,0,0,0,0,0,2,,,,,,,,0,1,0,0,4,0,0
2015,500864000363,Waterford Elementary School,Vermont,Waterford School District,5819,"Rural, distant",Primary,Regular school,Not applicable,143,86,45,49,47,87,45,49,47,12,0,0,0,0,0,Missing/not reported,0,0,0,0,0,0,-1,-1,763176,,,,,0,0,0,0,0,0,0,0,0,0,0,,,,,,,,0,0,0,0,0,0,0
2015,500867000364,Waterville Elementary School,Vermont,Waterville School District,5492,"Rural, distant",Primary,Regular school,Not applicable,93,46,40,49,44.5,46,20,29,24.5,0,0,0,0,0,0,Missing/not reported,0,0,0,0,0,0,-1,-1,396982,,,,,1,0,1,0,1,2,0,2,2,0,2,,,,,,,,0,0,0,0,0,0,0
2015,500870000536,Weathersfield School,Vermont,Weathersfield School District,5030,"Town, remote",Primary,Regular school,Not applicable,209,145,60,64,62,145,60,64,62,0,11,0,0,0,0,Missing/not reported,0,0,0,17,-2,12,-1,-1,876055,,,,,0,0,0,1,0,0,0,0,0,0,0,,,,,,,,0,0,0,0,0,0,0
2015,500876000367,Wells Village School,Vermont,Wells School District,5774,"Rural, fringe",Primary,Regular school,Not applicable,85,40,30,39,34.5,40,30,39,34.5,0,0,0,0,0,0,Missing/not reported,0,0,0,0,0,0,-1,-1,442536,,,,,0,0,0,0,0,0,0,0,0,0,0,,,,,,,,0,0,0,0,0,0,0
2015,500885000370,West Rutland School,Vermont,West Rutland School District,5777,"Town, distant",Other,Regular school,Not applicable,340,162,45,49,47,162,40,44,42,15,0,2,0,0,0,Missing/not reported,0,0,0,2,0,4,-1,-1,1775410,21,100,80,90,0,0,0,0,0,0,0,0,0,0,0,22,13,13,2,4,,13,0,0,0,0,0,2,25
2015,500888000371,Albert Bridge School (West Windsor),Vermont,West Windsor School District,5037,"Rural, distant",Primary,Regular school,Not applicable,77,40,60,69,64.5,40,50,59,54.5,2,0,0,0,0,0,Missing/not reported,0,0,0,0,-2,0,-1,-1,472214,,,,,0,0,0,0,0,0,0,0,0,0,0,,,,,,,,0,1,0,0,2,0,0
2015,500894000373,Westford Elementary School,Vermont,Westford School District,5494,"Rural, distant",Primary,Regular school,Not applicable,200,107,70,74,72,107,50,54,52,8,2,0,0,0,0,Missing/not reported,0,0,0,1,0,1,-1,-1,1020369,,,,,3,0,0,0,0,0,0,2,0,0,2,,,,,,,,0,0,0,0,0,0,0
2015,500897000460,Westminster Schools,Vermont,Westminster School District,5158,"Rural, fringe",Primary,Regular school,Not applicable,227,98,45,49,47,98,40,44,42,0,0,0,0,0,0,Missing/not reported,0,0,0,0,0,0,-1,-1,790558,,,,,0,1,0,0,0,0,0,0,0,2,0,,,,,,,,0,10,0,0,5,0,0
2015,500906000376,Weybridge Elementary School,Vermont,Weybridge School District,5753,"Rural, fringe",Primary,Regular school,Not applicable,47,23,60,79,69.5,23,80,100,90,0,0,0,0,0,0,Missing/not reported,0,0,0,0,-2,0,-1,-1,309931,,,,,0,0,0,0,0,0,0,0,0,0,0,,,,,,,,0,0,0,0,0,0,0
2015,500912000377,Whiting Village School,Vermont,Whiting School District,5778,"Rural, distant",Primary,Regular school,Not applicable,43,15,0,49,24.5,15,50,100,75,0,0,0,0,0,0,Missing/not reported,0,0,0,0,0,0,-1,-1,145168,,,,,0,0,0,0,0,0,0,0,0,0,0,,,,,,,,0,0,0,0,0,0,0
2015,500918000379,Williamstown Elementary School,Vermont,Williamstown School District,5679,"Town, distant",Primary,Regular school,Not applicable,218,95,45,49,47,95,50,54,52,4,15,6,0,0,0,Missing/not reported,0,2,0,39,0,18,-1,-1,574520,,,,,1,0,0,0,0,0,0,2,0,0,2,,,,,,,,0,1,31,0,6,2,0
2015,500918000380,Williamstown Middle/High School,Vermont,Williamstown School District,5679,"Rural, fringe",Other,Regular school,Not applicable,315,152,35,39,37,152,20,24,22,4,20,14,0,0,0,Missing/not reported,0,0,0,120,-2,55,-1,-1,861780,47,89,80,84,8,2,0,0,0,0,4,7,0,4,7,43,49,25,4,22,70,37,0,1,0,0,2,0,25
2015,500921000243,Williston Schools,Vermont,Williston School District,5495,"Suburb, midsize",Primary,Regular school,Not applicable,1143,701,70,70,70,701,62,62,62,34,2,2,0,0,0,Missing/not reported,0,2,0,14,0,4,-1,-1,5523735,,,,,5,3,1,3,2,2,5,7,2,6,7,,,,,,,,0,2,0,0,4,0,0
2015,500927000384,Windham Elementary School,Vermont,Windham School District,5359,"Rural, remote",Primary,Regular school,Not applicable,19,8,50,100,75,8,50,100,75,0,0,0,0,0,0,Missing/not reported,0,0,0,0,0,0,-1,-1,126867,,,,,0,0,0,0,0,0,0,0,0,0,0,,,,,,,,0,0,0,0,0,0,0
2015,500930000385,Windsor State Street School,Vermont,Windsor School District,5089,"Town, remote",Not applicable,Regular school,Not applicable,,,,,,,,,,,,,,,,,,,,,,,,,,,,,,,,,,,,,,,,,,,,,,,,,,,,,,
2015,500930000386,Windsor High School,Vermont,Windsor School District,5089,"Town, remote",Not applicable,Regular school,Not applicable,,,,,,,,,,,,,,,,,,,,,,,,,,,,,,,,,,,,,,,,,,,,,,,,,,,,,,
2015,500930000539,Windsor School,Vermont,Windsor School District,5089,"Town, remote",Other,Regular school,Not applicable,542,260,51,51,51,260,42,42,42,44,22,16,0,0,0,Missing/not reported,0,0,0,46,-2,21,-1,-1,2336926,58,69,60,64,5,0,0,5,0,0,0,5,0,0,5,76,31,22,10,37,4,43,0,0,0,0,0,0,61
2015,500936000183,Winooski Middle School,Vermont,Winooski School District,5404,"Suburb, midsize",Middle,Regular school,Not applicable,159,153,15,19,17,163,10,14,12,29,14,29,0,0,0,Missing/not reported,0,15,0,97,-2,32,-1,-1,793956,,,,,1,2,0,3,0,0,4,4,0,4,4,,,,,,,,0,0,0,0,0,0,0
2015,500936000388,J. F. Kennedy  Elementary School,Vermont,Winooski School District,5404,"Suburb, midsize",Primary,Regular school,Not applicable,463,163,20,24,22,173,20,24,22,0,15,13,0,6,0,Missing/not reported,0,0,6,40,0,40,-1,-1,2002137,,,,,15,7,1,0,0,0,0,0,4,4,9,,,,,,,,0,0,0,0,0,0,0
2015,500936000389,Winooski High School,Vermont,Winooski School District,5404,"Suburb, midsize",High,Regular school,Not applicable,228,44,20,29,24.5,46,11,19,15,0,18,16,0,0,0,Missing/not reported,0,18,0,156,-2,24,-1,-1,1207263,59,49,40,44,3,0,0,0,0,0,0,2,0,0,2,56,,8,4,22,,52,0,0,0,0,0,0,17
2015,500939000391,Wolcott Elementary School,Vermont,Wolcott School District,5680,"Rural, distant",Primary,Regular school,Not applicable,146,76,55,59,57,76,35,39,37,7,4,0,0,0,0,Missing/not reported,0,0,0,5,-2,0,-1,-1,458676,,,,,2,1,0,0,0,0,2,2,0,2,2,,,,,,,,0,0,0,0,0,0,0
2015,500942000392,Woodbury Elementary School,Vermont,Woodbury School District,5681,"Rural, remote",Primary,Regular school,Not applicable,56,20,60,79,69.5,20,21,39,30,0,0,2,0,0,0,Missing/not reported,0,0,0,5,-2,0,-1,-1,205395,,,,,0,0,0,0,0,0,0,0,0,0,0,,,,,,,,0,28,0,0,2,0,0
2015,500945000393,Woodford Hollow School,Vermont,Woodford School District,5201,"Rural, fringe",Primary,Regular school,Not applicable,26,12,0,49,24.5,12,0,49,24.5,0,0,0,0,0,0,Missing/not reported,0,0,0,0,-2,0,-1,-1,200661,,,,,0,0,0,0,0,0,0,0,0,0,0,,,,,,,,0,0,0,0,0,0,0
2015,500948000394,Woodstock Elementary School,Vermont,Woodstock School District,5091,"Rural, distant",Primary,Regular school,Not applicable,168,109,70,74,72,109,60,64,62,0,0,0,0,0,0,Missing/not reported,0,0,0,0,-2,0,-1,-1,1131603,,,,,0,0,0,0,0,0,0,0,0,0,0,,,,,,,,0,0,0,0,2,0,0
2015,500951000395,Woodstock Senior UHSD #4,Vermont,Woodstock UHSD #4,5091,"Rural, distant",High,Regular school,Not applicable,341,80,65,69,67,78,45,49,47,28,5,6,0,0,0,Missing/not reported,0,0,0,12,-2,11,-1,-1,1862149,112,94,90,92,1,0,0,0,0,0,0,2,0,0,2,88,60,94,34,46,45,41,0,0,0,0,0,0,140
2015,500951009273,Woodstock Union Middle School,Vermont,Woodstock UHSD #4,5091,"Rural, distant",Middle,Regular school,Not applicable,158,158,75,79,77,158,55,59,57,8,4,0,0,0,0,Missing/not reported,0,0,0,2,-2,2,-1,-1,994275,,,,,0,0,0,0,0,0,0,0,0,0,0,,,,,,,,0,0,0,0,0,0,0
2015,500954000396,Doty Memorial School,Vermont,Worcester School District,5682,"Rural, distant",Primary,Regular school,Not applicable,78,34,70,79,74.5,34,50,59,54.5,0,2,0,0,0,0,Missing/not reported,0,0,0,1,0,1,-1,-1,440427,,,,,0,0,0,0,0,0,0,0,0,0,0,,,,,,,,0,2,3,0,2,4,0
2015,500957000470,North Country Junior UHSD #22,Vermont,North Country Junior UHSD #22,5829,"Rural, distant",Middle,Regular school,Not applicable,281,269,52,52,52,267,45,45,45,12,11,9,0,0,0,Missing/not reported,0,0,0,58,-2,20,-1,-1,1720064,,,,,36,10,3,14,0,4,4,21,4,8,34,,,,,,,,0,0,0,0,0,0,0
2015,500960000107,North Country Career Center,Vermont,North Country Senior UHSD #22,5855,"Town, remote",High,Vocational school,Not applicable,0,,,,,,,,,,,,,,,,,,,,,,,,,,,,,,,,,,,,,,,,,,,,,,,,,,,,,
2015,500960000220,North Country Senior UHSD #22,Vermont,North Country Senior UHSD #22,5855,"Town, remote",High,Regular school,Not applicable,723,176,45,49,47,177,20,24,22,148,70,96,0,0,0,Missing/not reported,0,0,0,636,-2,636,-1,-1,1910586,213,85,85,85,1,0,0,0,0,0,0,2,0,0,2,191,116,82,10,136,71,176,0,0,0,0,0,0,108
2015,509996009274,Barstow Memorial School,Vermont,Barstow Joint Contract School District,5737,"Rural, distant",Primary,Regular school,Not applicable,208,116,70,74,72,116,65,69,67,4,2,2,0,0,0,Missing/not reported,0,0,0,10,0,1,-1,-1,1099323,,,,,4,0,0,0,0,0,0,4,0,0,5,,,,,,,,0,18,1,0,4,0,0